state,year,prcp-01,prcp-02,prcp-03,prcp-04,prcp-05,prcp-06,prcp-07,prcp-08,prcp-09,prcp-10,prcp-11,prcp-12,snow-01,snow-02,snow-03,snow-04,snow-05,snow-06,snow-07,snow-08,snow-09,snow-10,snow-11,snow-12,snwd-01,snwd-02,snwd-03,snwd-04,snwd-05,snwd-06,snwd-07,snwd-08,snwd-09,snwd-10,snwd-11,snwd-12,tmax-01,tmax-02,tmax-03,tmax-04,tmax-05,tmax-06,tmax-07,tmax-08,tmax-09,tmax-10,tmax-11,tmax-12,tmin-01,tmin-02,tmin-03,tmin-04,tmin-05,tmin-06,tmin-07,tmin-08,tmin-09,tmin-10,tmin-11,tmin-12
AB,2017,25.0,3.4285714285714284,22.818181818181817,4.666666666666667,4.9411764705882355,16.58823529411765,33.470588235294116,32.77777777777778,10.0,77.04761904761905,18.19047619047619,1.0,26.0,3.3333333333333335,24.136363636363637,1.4285714285714286,0.0,0.0,0.0,0.0,0.0,34.0,16.666666666666668,1.0,84.54545454545455,59.523809523809526,60.0,10.0,0.0,0.0,0.0,0.0,0.5882352941176471,1.9047619047619047,31.904761904761905,47.5,-9.790909090909091,-5.942857142857143,-4.4363636363636365,12.295238095238094,18.41176470588235,25.764705882352942,27.823529411764707,20.933333333333334,24.08235294117647,11.29047619047619,-1.6047619047619048,3.05,-18.05909090909091,-14.514285714285714,-13.968181818181819,0.419047619047619,4.470588235294118,11.382352941176471,12.588235294117647,10.455555555555556,8.347058823529412,3.1714285714285713,-7.800000000000001,-8.084999999999999
AK,2017,8.207317073170731,10.84,16.717171717171716,68.89795918367346,22.568627450980394,14.73,25.867346938775512,18.974358974358974,75.55102040816327,38.189473684210526,13.282608695652174,16.11578947368421,5.060975609756097,1.46,16.22222222222222,2.6530612244897958,0.37254901960784315,0.03,0.0,0.0,0.0,0.1368421052631579,8.608695652173912,6.231578947368421,303.3414634146341,365.89,510.54545454545456,420.03061224489795,41.6078431372549,1.05,0.0,0.0,0.0,0.0,73.6086956521739,200.0842105263158,-2.387804878048781,-3.406,-7.477777777777777,4.746938775510204,10.587254901960785,18.217,18.774489795918367,19.635897435897434,13.443877551020408,9.52,1.1097826086956522,-5.362105263157894,-11.176829268292684,-11.377,-18.564646464646465,-3.0112244897959184,-0.27647058823529413,4.122,10.25204081632653,10.438461538461539,5.5377551020408164,0.12315789473684209,-5.906521739130435,-11.77157894736842
AK,2018,66.41489361702128,4.10752688172043,5.597938144329897,9.489795918367347,29.967741935483872,8.516129032258064,40.302083333333336,17.536082474226806,16.642105263157895,13.542553191489361,19.87912087912088,24.206521739130434,27.02127659574468,2.763440860215054,6.463917525773196,10.122448979591837,2.193548387096774,0.0,0.0,0.0,0.05263157894736842,0.0,1.6813186813186813,17.934782608695652,221.39361702127658,290.4623655913978,474.9587628865979,383.1020408163265,76.97849462365592,11.494623655913978,0.0,0.0,0.0,0.0,50.285714285714285,96.06521739130434,-4.509574468085106,-11.7,-4.8278350515463915,3.722448979591837,12.436559139784945,15.701075268817204,17.491666666666667,21.37319587628866,13.522105263157894,14.048936170212764,-0.820879120879121,-0.8293478260869567,-11.458510638297872,-19.75483870967742,-17.13298969072165,-7.2234693877551015,1.410752688172043,3.0053763440860215,8.314583333333333,10.280412371134021,4.003157894736842,0.4414893617021276,-7.57032967032967,-8.281521739130435
AL,2017,223.6206896551724,0.0,42.28,0.0,44.77777777777778,23.666666666666668,22.9,0.0,96.7,3.8,2.090909090909091,21.342105263157894,0.0,0.0,0.0,0.0,0.0,0.0,0.0,0.0,0.0,0.0,0.0,4.473684210526316,0.0,0.0,0.0,0.0,0.0,0.0,0.0,0.0,0.0,0.0,0.0,4.0,13.53793103448276,21.5,19.952,23.299999999999997,24.0,29.200000000000003,32.339999999999996,31.740000000000002,28.330000000000002,28.57,19.836363636363636,19.347368421052632,6.110344827586206,4.319230769230769,4.6,8.426923076923076,11.411111111111111,19.133333333333333,22.169999999999998,17.669999999999998,16.56,16.16,6.1,8.271052631578948
AL,2018,7.351351351351352,18.484848484848484,136.71428571428572,0.0,0.0,34.125,116.77777777777777,168.0625,0.0,110.375,75.22222222222223,278.0833333333333,0.13513513513513514,0.0,0.0,0.0,0.0,0.0,0.0,0.0,0.0,0.0,0.0,0.0,0.0,0.0,0.0,0.0,0.0,0.0,0.0,0.0,0.0,0.0,0.0,0.0,0.372972972972973,15.818181818181818,19.96,23.475757575757576,29.525000000000002,30.7,32.58888888888889,28.1625,32.9125,30.80625,19.602777777777778,18.913888888888888,-9.58108108108108,0.20909090909090916,8.76,5.49090909090909,11.225,21.60625,22.466666666666665,21.493750000000002,21.15625,21.04375,10.983333333333333,11.366666666666667
AR,2017,24.709302325581394,0.3333333333333333,25.674418604651162,7.420454545454546,41.644444444444446,9.932584269662922,97.35164835164835,4.144444444444445,35.39325842696629,0.09195402298850575,22.280898876404493,0.0,0.0,0.0,0.1511627906976744,0.0,0.0,0.0,0.0,0.0,0.0,0.0,0.0,0.031578947368421054,0.0,0.0,0.0,0.0,0.0,0.0,0.0,0.0,0.0,0.0,0.0,0.0,10.837209302325581,21.26547619047619,20.41627906976744,22.599999999999998,19.346666666666668,29.88876404494382,31.567032967032965,30.40111111111111,26.467415730337077,27.77701149425287,14.80561797752809,18.10421052631579,3.6232558139534885,3.7845238095238094,6.982558139534884,7.640909090909091,8.344444444444445,17.347191011235957,20.61208791208791,18.54888888888889,14.562921348314605,12.655172413793103,3.696629213483146,2.6
AR,2018,0.11458333333333333,0.6597938144329897,312.46938775510205,22.125,0.375,68.06382978723404,12.228260869565217,23.361702127659573,4.1063829787234045,10.085106382978724,308.41052631578947,294.0,0.0625,0.0,0.0,0.0,0.0,0.0,0.0,0.0,0.0,0.0,0.08421052631578947,0.0,0.0,0.0,0.0,0.0,0.0,0.0,0.0,0.0,0.0,0.0,0.0,0.0,-3.2312499999999997,16.048453608247424,18.02857142857143,21.623958333333334,29.09583333333333,32.56808510638298,35.17934782608695,29.173404255319152,32.51276595744681,27.622340425531913,15.51578947368421,20.612903225806452,-12.789583333333333,0.6494845360824743,9.572448979591837,6.861458333333334,14.603125,21.836170212765957,23.519565217391307,16.798936170212766,20.73404255319149,16.085106382978722,5.12,10.838709677419354
AZ,2017,77.96385542168674,0.09302325581395349,1.4074074074074074,4.962962962962963,0.23809523809523808,2.409090909090909,16.585365853658537,31.443181818181817,21.448275862068964,0.0,0.0,0.03409090909090909,9.91566265060241,0.0,1.2592592592592593,0.6296296296296297,0.0,0.0,0.0,0.0,0.0,0.0,0.0,0.0,18.337349397590362,49.91860465116279,26.061728395061728,6.580246913580247,0.0,0.0,0.0,0.0,0.0,0.0,0.0,0.0,10.226506024096386,18.16046511627907,16.965432098765433,16.512345679012345,28.319047619047616,30.775,38.66829268292683,33.595454545454544,32.62988505747126,29.504651162790697,23.382558139534886,20.181818181818183,3.4373493975903617,-0.727906976744186,0.9111111111111111,2.0641975308641975,7.67936507936508,13.792045454545455,20.235365853658536,20.407954545454547,17.211494252873564,10.955813953488372,6.513953488372094,7.534090909090909
AZ,2018,0.0,0.0,0.8131868131868132,0.0,1.5222222222222221,0.0,20.95294117647059,13.873563218390805,6.590909090909091,45.42168674698795,0.21951219512195122,6.574712643678161,0.0,0.0,0.6043956043956044,0.0,0.03333333333333333,0.0,0.0,0.0,0.0,0.0,0.06097560975609756,2.839080459770115,0.0,1.956043956043956,8.340659340659341,0.0,0.0,0.0,0.0,0.0,0.0,0.0,0.6219512195121951,14.35632183908046,18.415555555555557,21.74285714285714,14.453846153846154,26.42808988764045,29.56222222222222,32.747126436781606,34.190588235294115,36.802298850574715,33.92272727272727,26.49036144578313,18.442682926829267,11.408045977011493,-1.4877777777777779,1.332967032967033,-1.823076923076923,9.4561797752809,10.745555555555557,12.720689655172414,17.527058823529412,21.05632183908046,17.392045454545453,15.540963855421689,2.1780487804878046,0.667816091954023
BC,2017,2.622047244094488,3.1639344262295084,23.83076923076923,28.3135593220339,27.863247863247864,56.21367521367522,12.076923076923077,0.33043478260869563,53.98275862068966,5.508474576271187,98.92682926829268,72.175,2.377952755905512,2.9836065573770494,12.976923076923077,3.1016949152542375,0.0,0.0,0.0,0.0,0.0,0.0,8.796747967479675,12.416666666666666,205.82677165354332,166.47540983606558,222.84615384615384,137.96610169491527,27.77777777777778,4.273504273504273,0.0,0.0,0.0,1.694915254237288,41.46341463414634,78.08333333333333,-1.4362204724409449,-0.18442622950819673,3.270769230769231,10.432203389830509,13.131623931623933,17.657264957264957,24.45897435897436,27.864347826086956,20.82844827586207,14.331355932203389,7.391056910569106,4.3925,-6.985826771653544,-9.423770491803278,-3.727692307692308,2.6271186440677967,5.206837606837607,10.307692307692308,11.84957264957265,11.917391304347825,10.801724137931034,5.376271186440678,1.8691056910569106,0.5375
BC,2018,11.941666666666666,107.27350427350427,26.962025316455698,300.0,0.0,16.0,9.145631067961165,4.3076923076923075,16.169811320754718,52.625,152.37037037037038,4.916666666666667,4.45,27.65811965811966,16.658227848101266,0.0,0.0,0.0,0.0,0.0,0.03773584905660377,10.365384615384615,3.7962962962962963,2.2777777777777777,206.58333333333334,266.7521367521368,404.6835443037975,255.0,0.0,0.0,0.0,0.0,1.0377358490566038,3.9423076923076925,23.14814814814815,51.2962962962963,-1.8558333333333332,2.3410256410256407,3.377215189873418,14.0,17.5,11.0,26.714563106796117,25.365384615384617,17.520754716981134,11.897115384615384,8.183333333333334,4.018518518518518,-9.673333333333334,-2.888888888888889,-2.6050632911392406,-1.5,8.0,4.75,11.749514563106796,13.341346153846153,7.283018867924528,5.270192307692308,3.200925925925926,-0.14907407407407405
CA,2017,30.693430656934307,10.2265625,27.143939393939394,3.4384615384615387,1.7734375,3.7720588235294117,4.91044776119403,2.4855072463768115,9.03623188405797,4.007518796992481,4.2518518518518515,1.7307692307692308,16.27007299270073,1.78125,5.742424242424242,1.3615384615384616,1.6875,0.0,0.0,0.0,0.5507246376811594,0.38345864661654133,0.0,0.08333333333333333,33.54744525547445,171.046875,97.35606060606061,67.21538461538462,17.859375,0.0,0.0,0.0,0.0,0.38345864661654133,0.0,1.6217948717948718,10.167153284671533,14.90859375,15.412121212121212,20.50153846153846,25.7296875,24.485294117647058,33.78507462686567,35.90217391304348,33.36304347826087,25.79624060150376,19.111851851851853,16.503846153846155,-0.5094890510948905,1.028125,1.284848484848485,5.213846153846154,9.340625,11.430882352941175,16.771641791044775,18.40072463768116,15.605072463768115,9.714285714285714,6.002962962962963,3.216025641025641
CA,2018,0.08588957055214724,0.14838709677419354,99.9702380952381,0.26380368098159507,4.3125,0.05063291139240506,1.740506329113924,3.6875,0.0,5.92948717948718,12.729559748427674,45.282051282051285,0.6993865030674846,3.393548387096774,19.31547619047619,0.4662576687116564,1.74375,0.0,0.0,0.0,0.0,0.0,0.15723270440251572,15.423076923076923,1.8650306748466257,7.535483870967742,60.76190476190476,22.12883435582822,1.75,0.0,0.0,0.0,0.0,0.0,0.15723270440251572,31.41025641025641,17.392638036809817,19.76709677419355,11.638690476190476,23.10552147239264,23.51625,24.94873417721519,33.15379746835443,34.236875,29.056962025316455,26.71410256410256,21.568553459119496,12.125,2.8950920245398772,4.4238709677419354,0.7244047619047619,7.47239263803681,9.023125,8.775316455696203,17.22721518987342,18.268125,11.734810126582278,13.330128205128204,5.89622641509434,2.6115384615384616
CO,2017,4.286549707602339,0.16184971098265896,1.7471264367816093,51.68604651162791,3.2690058479532165,4.556962025316456,12.0875,5.724550898203593,7.530864197530864,32.817142857142855,0.43820224719101125,0.02857142857142857,8.11111111111111,2.213872832369942,4.114942528735632,18.790697674418606,10.549707602339181,0.0,0.0,0.0,0.0,2.2685714285714287,0.0,0.5085714285714286,92.99415204678363,160.4971098265896,99.97126436781609,35.26162790697674,16.04093567251462,0.3227848101265823,0.0,0.0,0.0,2.0228571428571427,3.4269662921348316,4.062857142857143,4.387719298245614,9.729479768786128,9.258045977011495,6.611046511627906,17.32280701754386,24.96708860759494,28.8875,27.38263473053892,28.164814814814815,18.464,13.165168539325844,12.021714285714287,-9.922222222222222,-7.27456647398844,-9.359770114942528,-1.8994186046511627,0.37836257309941523,6.9,9.740625,11.144311377245508,10.014814814814816,4.8914285714285715,-3.291011235955056,-4.859428571428571
CO,2018,0.033707865168539325,7.379888268156424,0.4175824175824176,3.442622950819672,2.0446927374301676,0.0,11.519553072625698,0.988950276243094,3.5580110497237567,2.143646408839779,5.866666666666666,13.3954802259887,0.33146067415730335,12.106145251396647,0.0989010989010989,4.398907103825136,0.3128491620111732,0.0,0.0,0.0,0.0,0.6187845303867403,2.5166666666666666,20.548022598870055,22.831460674157302,46.23463687150838,53.15384615384615,23.87431693989071,9.083798882681565,0.0,0.0,0.0,0.0,0.56353591160221,16.372222222222224,49.38418079096045,0.8382022471910112,8.415083798882682,10.647802197802198,13.584699453551913,22.493296089385478,29.076923076923077,29.45027932960894,28.95082872928177,29.758563535911602,20.799447513812154,8.897222222222222,4.275706214689265,-14.39943820224719,-5.4458100558659215,-8.34120879120879,-3.1333333333333333,4.4994413407821225,8.557396449704143,11.139106145251397,9.97292817679558,10.156906077348067,6.396132596685083,-5.344444444444444,-6.254802259887005
CT,2017,17.555555555555557,60.166666666666664,10.333333333333334,228.27777777777777,8.235294117647058,84.94117647058823,163.25,0.0,4.117647058823529,4.1875,0.3125,14.357142857142858,2.5555555555555554,56.833333333333336,0.4444444444444444,11.11111111111111,0.0,0.0,0.0,0.0,0.0,0.0,0.0,0.0,18.444444444444443,63.44444444444444,2.8333333333333335,18.5,0.0,0.0,0.0,0.0,0.0,0.0,0.0,0.0,5.550000000000001,0.3111111111111111,7.144444444444444,3.755555555555555,16.958823529411767,22.394117647058824,26.2875,30.146666666666665,22.5,15.80625,6.33125,7.8500000000000005,-4.2555555555555555,-8.31111111111111,-1.5444444444444445,0.8,6.564705882352941,12.117647058823529,17.35625,14.56,8.91764705882353,5.3875,-4.39375,-2.8642857142857143
CT,2018,16.933333333333334,6.5625,3.375,2.066666666666667,2.588235294117647,12.2,14.941176470588236,12.6875,0.35294117647058826,4.266666666666667,19.0,2.2142857142857144,0.0,0.9375,0.0,0.0,0.0,0.0,0.0,0.0,0.0,0.0,0.0,0.9285714285714286,56.46666666666667,24.0,6.375,11.866666666666667,0.0,0.0,0.0,0.0,0.0,0.0,3.4,5.428571428571429,-11.726666666666667,0.9750000000000001,12.4,13.593333333333334,19.741176470588236,23.82,30.42941176470588,28.1875,26.988235294117647,19.953333333333333,13.553333333333335,4.085714285714286,-19.373333333333335,-7.35,1.14375,2.3333333333333335,5.0588235294117645,13.42,18.71764705882353,17.95625,15.811764705882354,8.653333333333334,2.0,-3.4071428571428575
DE,2017,0.0,0.0,53.333333333333336,0.0,212.66666666666666,0.0,9.333333333333334,0.0,0.0,0.0,0.0,1.6666666666666667,0.0,0.0,0.0,0.0,0.0,0.0,0.0,0.0,0.0,0.0,0.0,0.0,0.0,0.0,0.0,0.0,0.0,0.0,0.0,0.0,0.0,0.0,0.0,0.0,10.0,9.066666666666666,15.366666666666667,12.033333333333333,22.233333333333334,26.666666666666668,29.266666666666666,31.666666666666668,22.433333333333334,20.033333333333335,13.133333333333335,12.033333333333333,2.0333333333333337,0.5333333333333335,-6.833333333333333,3.866666666666667,11.133333333333333,15.566666666666668,20.0,19.433333333333334,12.200000000000001,9.066666666666668,-2.233333333333333,4.1000000000000005
DE,2018,0.0,4.0,96.5,0.0,24.0,20.5,30.5,134.5,29.0,0.0,0.0,43.0,0.0,0.0,0.0,0.0,0.0,0.0,0.0,0.0,0.0,0.0,0.0,0.0,0.0,0.0,0.0,0.0,0.0,0.0,0.0,0.0,0.0,0.0,0.0,0.0,-6.05,10.0,11.4,17.5,25.0,28.85,32.2,30.55,26.4,27.8,16.1,7.8,-13.55,-1.1,3.35,5.85,8.35,21.4,21.4,23.3,21.950000000000003,15.55,3.9000000000000004,-1.6
FL,2017,9.365853658536585,0.95,0.0,3.7333333333333334,44.674418604651166,38.76190476190476,35.390243902439025,45.225,215.39473684210526,124.05,3.1538461538461537,3.0697674418604652,0.0,0.0,0.0,0.0,0.0,0.0,0.0,0.0,0.0,0.0,0.0,0.0,0.0,0.0,0.0,0.0,0.0,0.0,0.0,0.0,0.0,0.0,0.0,0.0,25.14390243902439,23.7525,26.529787234042555,30.224444444444444,29.93720930232558,32.97380952380953,33.53414634146341,32.165,31.54736842105263,30.705000000000002,25.941025641025643,26.95813953488372,11.009756097560976,7.095000000000001,12.657446808510638,16.213333333333335,18.49767441860465,22.55,24.180487804878048,22.025,22.413157894736845,22.6575,14.487179487179487,15.051162790697672
FL,2018,21.28,0.0,2.6153846153846154,12.764705882352942,0.42857142857142855,30.56,94.10204081632654,180.08,52.38775510204081,43.68627450980392,10.938775510204081,127.08163265306122,0.0,0.0,0.0,0.0,0.0,0.0,0.0,0.0,0.0,0.0,0.0,0.0,0.0,0.0,0.0,0.0,0.0,0.0,0.0,0.0,0.0,0.0,0.0,0.0,17.914,21.128205128205128,27.365384615384617,27.211764705882352,30.067346938775508,31.54,32.885714285714286,31.532000000000004,33.169387755102036,32.37647058823529,27.10816326530612,25.681632653061225,5.9639999999999995,6.564102564102564,14.73076923076923,15.652941176470588,17.483673469387757,22.576,23.687755102040818,23.768,24.306122448979593,23.813725490196077,15.883673469387753,16.926530612244896
FM,2017,279.3333333333333,219.33333333333334,366.6666666666667,5.0,106.66666666666667,178.66666666666666,30.0,28.0,310.6666666666667,71.0,99.0,107.66666666666667,0.0,0.0,0.0,0.0,0.0,0.0,0.0,0.0,0.0,0.0,0.0,0.0,0.0,0.0,0.0,0.0,0.0,0.0,0.0,0.0,0.0,0.0,0.0,0.0,29.666666666666668,28.900000000000002,30.066666666666666,30.433333333333337,30.433333333333334,31.2,31.566666666666666,31.5,31.066666666666663,31.233333333333334,30.933333333333334,30.53333333333333,25.633333333333336,25.366666666666664,24.8,26.933333333333334,25.46666666666667,25.933333333333334,25.266666666666666,25.233333333333334,25.53333333333333,25.133333333333336,25.133333333333336,25.46666666666667
FM,2018,135.66666666666666,310.6666666666667,231.0,132.0,112.66666666666667,235.33333333333334,92.0,17.666666666666668,35.666666666666664,120.0,337.0,22.0,0.0,0.0,0.0,0.0,0.0,0.0,0.0,0.0,0.0,0.0,0.0,0.0,0.0,0.0,0.0,0.0,0.0,0.0,0.0,0.0,0.0,0.0,0.0,0.0,29.233333333333334,30.633333333333336,29.96666666666667,31.3,30.7,30.166666666666668,30.96666666666667,31.2,30.599999999999998,31.7,32.46666666666666,31.166666666666668,25.866666666666664,24.566666666666666,25.46666666666667,26.166666666666668,25.633333333333336,25.333333333333332,25.433333333333334,25.53333333333333,24.666666666666668,25.366666666666664,26.03333333333333,25.833333333333332
GA,2017,153.21333333333334,0.0,21.444444444444443,10.868421052631579,72.6842105263158,28.25974025974026,55.46052631578947,0.40540540540540543,84.1891891891892,0.6052631578947368,2.1333333333333333,15.35135135135135,0.0,0.0,0.1111111111111111,0.0,0.0,0.0,0.0,0.0,0.0,0.0,0.0,0.0,0.0,0.0,0.0,0.0,0.0,0.0,0.0,0.0,0.0,0.0,0.0,0.0,11.709333333333333,21.361842105263158,19.620833333333334,25.067105263157895,24.20263157894737,28.74285714285714,31.125,30.22972972972973,27.46891891891892,26.401315789473685,18.56,21.51891891891892,2.5,3.5592105263157894,3.7472222222222222,9.294736842105262,13.639473684210525,18.164935064935065,21.0,16.255405405405405,16.254054054054052,14.176315789473685,5.281333333333333,8.5
GA,2018,7.975609756097561,11.375,119.57692307692308,0.0,3.961038961038961,158.69333333333333,68.89189189189189,229.55405405405406,26.16,18.06756756756757,22.0,176.35616438356163,1.853658536585366,0.0,0.0,0.0,0.0,0.0,0.0,0.0,0.0,0.0,0.0,0.0,1.853658536585366,0.0,0.0,0.0,0.0,0.0,0.0,0.0,0.0,0.0,0.0,0.0,3.9853658536585366,14.373611111111112,19.99102564102564,22.13026315789474,27.177922077922076,30.517333333333337,31.131081081081078,28.12837837837838,30.802666666666664,28.991891891891893,22.102739726027398,18.63013698630137,-5.351219512195122,-1.738888888888889,7.206410256410257,5.193421052631579,10.012987012987013,19.570666666666668,21.924324324324324,20.89324324324324,20.349333333333334,19.32702702702703,6.8273972602739725,8.756164383561645
GU,2017,51.0,86.0,8.0,102.0,0.0,0.0,0.0,104.0,33.0,36.0,69.0,58.0,0.0,0.0,0.0,0.0,0.0,0.0,0.0,0.0,0.0,0.0,0.0,0.0,0.0,0.0,0.0,0.0,0.0,0.0,0.0,0.0,0.0,0.0,0.0,0.0,31.1,28.9,31.1,30.6,31.7,32.2,32.2,31.1,30.6,30.0,32.2,31.1,25.0,25.0,26.1,25.6,26.1,26.1,26.7,26.1,24.4,25.6,25.6,24.4
GU,2018,3.0,25.0,20.0,20.0,0.0,15.0,53.0,122.0,79.0,10.0,3.0,38.0,0.0,0.0,0.0,0.0,0.0,0.0,0.0,0.0,0.0,0.0,0.0,0.0,0.0,0.0,0.0,0.0,0.0,0.0,0.0,0.0,0.0,0.0,0.0,0.0,30.6,31.7,31.7,32.2,30.0,32.2,31.1,30.6,32.8,31.7,32.2,30.6,26.1,24.4,24.4,26.1,26.1,27.8,26.1,25.6,25.0,26.1,25.6,26.1
HI,2017,0.0,0.0,106.66666666666667,0.0,0.0,0.0,0.0,0.0,0.0,15.0,3.0,3.0,0.0,0.0,0.0,0.0,0.0,0.0,0.0,0.0,0.0,0.0,0.0,0.0,0.0,0.0,0.0,0.0,0.0,0.0,0.0,0.0,0.0,0.0,0.0,0.0,22.25,22.675,20.366666666666667,9.4,7.8,16.1,15.6,17.2,15.6,15.0,15.0,8.3,15.15,13.85,14.833333333333334,0.6000000000000001,0.6000000000000001,6.7,2.8,4.4,6.7,2.2,1.1,3.3
HI,2018,0.0,0.0,0.0,3.0,0.0,0.0,61.0,0.0,0.0,0.0,10.0,0.0,0.0,0.0,0.0,0.0,0.0,0.0,0.0,0.0,0.0,0.0,0.0,0.0,0.0,0.0,0.0,0.0,0.0,0.0,0.0,0.0,0.0,0.0,0.0,0.0,12.8,7.8,13.9,11.7,11.1,18.9,15.0,14.4,24.266666666666666,17.8,12.8,11.1,0.0,1.1,3.9,-0.6000000000000001,4.4,7.2,3.3,3.9,15.733333333333334,3.9,2.8,0.0
IA,2017,1.2396694214876034,0.11382113821138211,11.098360655737705,5.041666666666667,107.30252100840336,0.0,5.9421487603305785,1.3583333333333334,0.5819672131147541,16.669421487603305,9.216666666666667,0.0,0.4214876033057851,0.9349593495934959,3.4344262295081966,0.0,0.4957983193277311,0.0,0.0,0.0,0.0,0.0,0.05,0.17073170731707318,21.834710743801654,37.357723577235774,14.549180327868852,0.0,0.21008403361344538,0.0,0.0,0.0,0.0,0.0,0.0,0.0,0.41735537190082644,3.2373983739837398,8.657377049180328,9.879999999999999,13.633613445378153,24.894214876033057,28.64297520661157,28.521666666666665,25.71311475409836,21.975206611570247,4.4,11.18048780487805,-8.496694214876033,-3.8764227642276423,-4.05655737704918,0.43333333333333335,3.96218487394958,8.076859504132232,15.579338842975206,15.009166666666667,10.911475409836067,8.991735537190083,-3.0,-4.45609756097561
IA,2018,0.1984126984126984,0.024,5.384,1.312,41.536,3.6747967479674797,135.63114754098362,11.114754098360656,83.9349593495935,77.20161290322581,0.18548387096774194,67.56666666666666,0.30158730158730157,0.816,2.568,1.16,0.0,0.0,0.0,0.0,0.0,0.4112903225806452,0.0,9.15,93.77777777777777,14.032,15.472,3.272,0.0,0.0,0.0,0.0,0.0,0.0,3.5161290322580645,17.991666666666667,-19.733333333333334,2.9495999999999998,9.1216,6.096,26.4608,32.15772357723577,30.104918032786884,28.289344262295085,29.43821138211382,12.850806451612904,10.17983870967742,2.8133333333333335,-29.047619047619047,-14.484,-2.3056,-7.6928,11.9696,17.334959349593493,19.360655737704917,14.01393442622951,18.247154471544714,7.910483870967742,-2.9427419354838706,-3.7183333333333333
ID,2017,10.944444444444445,12.243243243243244,15.95890410958904,4.197183098591549,6.838235294117647,14.98611111111111,0.0,0.0,3.027027027027027,23.514285714285716,6.614285714285714,6.4324324324324325,24.15277777777778,14.945945945945946,5.52054794520548,0.971830985915493,0.0,0.0,0.0,0.0,0.0,2.442857142857143,2.8714285714285714,12.135135135135135,355.27777777777777,447.64864864864865,282.86301369863014,64.02816901408451,24.294117647058822,0.0,0.0,0.0,0.0,2.9,9.057142857142857,16.5,-5.326388888888889,-0.6608108108108108,4.73013698630137,12.767605633802816,19.058823529411764,26.726388888888888,33.47866666666667,34.233333333333334,28.741891891891893,13.667142857142858,9.667142857142858,3.548648648648649,-15.563888888888888,-10.077027027027027,-5.802739726027397,-0.9605633802816902,2.9411764705882355,10.863888888888889,11.414666666666667,11.493055555555555,10.585135135135134,2.3614285714285717,-3.1185714285714288,-4.821621621621622
ID,2018,5.780821917808219,5.4,20.526315789473685,4.532467532467533,19.973333333333333,38.05555555555556,0.22857142857142856,1.7183098591549295,2.0555555555555554,2.4,20.35135135135135,19.027397260273972,2.9452054794520546,3.04,25.960526315789473,1.974025974025974,0.68,0.0,0.0,0.0,0.0,0.42857142857142855,3.189189189189189,24.123287671232877,104.35616438356165,92.4,202.94736842105263,57.701298701298704,12.866666666666667,0.0,0.0,0.0,0.0,0.35714285714285715,5.135135135135135,73.46575342465754,0.24109589041095897,4.029333333333333,2.456578947368421,12.150649350649351,18.285333333333334,18.305555555555557,29.381428571428568,33.36619718309859,23.970833333333335,19.41142857142857,7.872972972972973,1.0890410958904109,-11.832876712328767,-4.245333333333333,-7.184210526315789,-0.8714285714285713,4.854666666666667,6.226388888888889,10.394285714285715,13.63661971830986,4.0680555555555555,1.9814285714285713,-2.944594594594595,-4.747945205479453
IL,2017,2.1743119266055047,0.33636363636363636,70.77678571428571,1.16,107.26923076923077,0.03,14.197916666666666,5.76595744680851,4.195876288659794,3.216494845360825,17.897959183673468,0.14285714285714285,1.4587155963302751,1.2363636363636363,2.0267857142857144,0.0,0.0,0.0,0.0,0.0,0.0,0.0,0.0,0.42857142857142855,1.853211009174312,1.1545454545454545,2.517857142857143,0.0,0.0,0.0,0.0,0.0,0.0,0.0,0.0,2.9375,5.701834862385321,6.2272727272727275,11.592857142857143,9.356,15.50576923076923,25.636,29.863541666666666,29.007446808510636,25.102061855670105,22.88762886597938,5.947959183673469,11.853571428571428,-6.708256880733946,-0.7899999999999999,0.8133928571428573,1.5490000000000002,6.8567307692307695,11.005,17.955208333333335,17.435106382978724,11.358762886597937,7.561855670103093,-1.5142857142857142,-3.74375
IL,2018,0.1565217391304348,0.14953271028037382,68.11320754716981,15.485981308411215,16.07920792079208,43.01,71.3804347826087,19.216494845360824,25.595744680851062,25.270833333333332,68.35185185185185,135.7196261682243,2.7304347826086954,0.9065420560747663,0.0,4.859813084112149,0.0,0.0,0.0,0.0,0.0,0.0,2.111111111111111,0.5514018691588785,60.02608695652174,4.02803738317757,0.12264150943396226,4.383177570093458,0.0,0.0,0.0,0.0,0.0,0.0,1.8611111111111112,20.233644859813083,-13.785217391304348,6.955140186915887,13.15566037735849,11.846728971962616,27.13069306930693,30.705,32.27065217391304,26.82061855670103,30.851063829787233,23.834374999999998,9.94351851851852,8.679439252336449,-24.353913043478258,-5.600934579439252,2.717924528301887,-3.71588785046729,10.726732673267328,18.404,21.67608695652174,14.81340206185567,18.151063829787233,12.066666666666668,2.4787037037037036,-0.2411214953271028
IN,2017,0.24358974358974358,0.5897435897435898,96.18987341772151,7.986486486486487,187.6315789473684,0.0,149.26315789473685,4.697368421052632,6.67948717948718,0.0,22.935064935064936,8.189873417721518,0.5256410256410257,0.0641025641025641,2.6962025316455698,0.0,0.0,0.0,0.0,0.0,0.0,0.0,0.0,0.4177215189873418,0.6410256410256411,0.0,1.9113924050632911,0.0,0.0,0.0,0.0,0.0,0.0,0.0,0.0,0.31645569620253167,6.846153846153846,5.408974358974358,10.112658227848101,10.828378378378378,15.951315789473684,25.48421052631579,28.551315789473687,28.95,23.47948717948718,21.883116883116884,6.037662337662337,11.553164556962024,-5.006410256410256,-0.06153846153846153,0.4645569620253165,3.1594594594594594,7.786842105263157,10.473684210526315,18.007894736842104,16.551315789473687,10.571794871794872,6.251948051948052,-1.8779220779220778,-3.20379746835443
IN,2018,2.097560975609756,1.425,93.29629629629629,27.457831325301203,8.64935064935065,91.58666666666667,5.552631578947368,114.55844155844156,7.8311688311688314,0.23684210526315788,200.7283950617284,128.725,6.451219512195122,2.525,0.9012345679012346,6.650602409638554,0.0,0.0,0.0,0.0,0.0,0.0,0.49382716049382713,0.125,87.48780487804878,1.2625,0.6172839506172839,5.807228915662651,0.0,0.0,0.0,0.0,0.0,0.0,1.2345679012345678,0.3125,-11.889024390243902,7.23625,12.450617283950617,10.937349397590362,25.875324675324677,30.12933333333333,32.53157894736842,24.34935064935065,30.228571428571428,27.2,9.306172839506173,8.51375,-21.928048780487803,-4.25375,2.933333333333333,-1.2108433734939759,7.794805194805195,18.4,20.897368421052633,16.532467532467532,17.977922077922077,12.196052631578947,4.006172839506172,2.2
KS,2017,0.5071428571428571,0.0,3.4885496183206106,52.496350364963504,43.96402877697842,86.7132867132867,15.52482269503546,15.92142857142857,1.2571428571428571,7.375886524822695,3.6808510638297873,0.0,3.3857142857142857,0.0,0.19083969465648856,1.8613138686131387,21.496402877697843,0.0,0.0,0.0,0.0,0.0,1.3191489361702127,0.0,3.0785714285714287,0.0,0.0,1.4817518248175183,19.741007194244606,0.0,0.0,0.0,0.0,0.0,0.1773049645390071,0.0,7.502142857142857,11.863076923076923,17.66793893129771,9.962773722627738,15.267625899280574,28.588111888111886,31.779432624113472,26.154999999999998,29.919285714285714,25.836170212765957,8.842553191489362,13.648571428571428,-5.8028571428571425,-2.813076923076923,-2.0908396946564882,4.875912408759124,3.6345323741007194,14.312587412587414,15.766666666666666,16.712857142857143,13.807857142857143,14.631205673758865,-0.10425531914893617,-2.3607142857142858
KS,2018,0.0,0.1510791366906475,0.5319148936170213,2.3680555555555554,3.6884057971014492,2.219858156028369,67.0072463768116,0.18571428571428572,12.057553956834532,5.510948905109489,1.5547445255474452,131.42962962962963,0.0,0.5611510791366906,0.0,0.3055555555555556,0.0,0.0,0.0,0.0,0.0,0.0,1.0218978102189782,4.488888888888889,1.4460431654676258,0.3597122302158273,0.0,0.0,0.0,0.0,0.0,0.0,0.0,0.0,1.6715328467153285,4.688888888888889,-10.953956834532374,10.41654676258993,16.126950354609928,12.272916666666667,29.28405797101449,32.41843971631206,33.1695652173913,28.74142857142857,33.32086330935252,20.758394160583943,13.105839416058394,7.217037037037037,-20.891366906474822,-3.1503597122302156,-1.174468085106383,-2.8423611111111113,14.0,17.82836879432624,19.343478260869567,14.235714285714286,19.43021582733813,12.239416058394161,0.21605839416058395,-0.31777777777777777
KY,2017,31.29787234042553,0.26,96.125,39.869565217391305,80.6304347826087,14.409090909090908,86.46808510638297,0.5909090909090909,95.62222222222222,0.0,18.613636363636363,8.318181818181818,0.5957446808510638,0.0,0.8125,0.0,0.0,0.0,0.0,0.0,0.0,0.0,0.0,0.0,1.0638297872340425,0.0,0.5208333333333334,0.0,0.0,0.0,0.0,0.0,0.0,0.0,0.0,0.0,7.095744680851064,12.478,13.116666666666667,13.860869565217392,22.910869565217393,27.318181818181817,29.68723404255319,29.775,24.815555555555555,22.769565217391307,12.29090909090909,14.797727272727274,0.17872340425531918,1.9280000000000002,0.4479166666666667,6.432608695652173,10.315217391304348,13.588636363636363,18.92127659574468,16.463636363636365,12.113333333333333,7.0456521739130435,1.0977272727272727,-1.415909090909091
KY,2018,0.3877551020408163,17.127659574468087,68.19148936170212,52.71111111111111,2.9069767441860463,152.45454545454547,26.837209302325583,123.04444444444445,90.56818181818181,1.75,146.82222222222222,157.08695652173913,5.408163265306122,1.702127659574468,4.319148936170213,0.28888888888888886,0.0,0.0,0.0,0.0,0.0,0.0,0.5777777777777777,1.108695652173913,6.3061224489795915,0.5319148936170213,4.319148936170213,0.0,0.0,0.0,0.0,0.0,0.0,0.0,0.5555555555555556,1.108695652173913,-6.751020408163265,11.695744680851066,13.895744680851065,16.224444444444444,26.727906976744183,29.322727272727274,32.51627906976744,28.162222222222223,29.443181818181817,27.725,17.817777777777778,13.821739130434782,-15.314285714285713,-4.131914893617021,4.64468085106383,2.048888888888889,7.104651162790698,18.175,20.65813953488372,19.375555555555554,20.131818181818183,13.765909090909092,5.626666666666666,9.27608695652174
LA,2017,76.96,0.0,4.25,0.0,19.40909090909091,23.666666666666668,15.0,2.739130434782609,21.958333333333332,0.0,85.04,4.205882352941177,0.0,0.0,0.0,0.0,0.0,0.0,0.0,0.0,0.0,0.0,0.0,4.5,0.0,0.0,0.0,0.0,0.0,0.0,0.0,0.0,0.0,0.0,0.0,3.7058823529411766,15.38,24.254166666666666,21.895833333333332,27.548000000000002,22.54090909090909,29.058333333333334,33.44347826086956,32.94347826086956,28.304166666666664,30.851999999999997,20.94,21.947058823529414,9.54,8.75,12.245833333333332,12.084000000000001,10.277272727272727,20.445833333333333,23.269565217391307,21.68695652173913,17.729166666666668,17.508,9.376,7.747058823529411
LA,2018,0.5625,2.3448275862068964,57.96551724137931,0.0,0.0,0.5416666666666666,8.583333333333334,43.11538461538461,12.458333333333334,87.16,144.5,38.583333333333336,1.59375,0.0,0.0,0.0,0.0,0.0,0.0,0.0,0.0,0.0,0.0,0.0,1.5625,0.0,0.0,0.0,0.0,0.0,0.0,0.0,0.0,0.0,0.0,0.0,3.76875,19.975862068965515,25.010344827586206,25.150000000000002,30.464000000000002,34.025,35.487500000000004,31.91923076923077,33.708333333333336,28.244,20.5,23.962500000000002,-6.2625,4.751724137931035,15.03448275862069,11.232142857142858,16.116,23.495833333333334,24.066666666666666,21.02692307692308,22.979166666666668,21.244,9.977272727272727,14.966666666666667
MA,2017,33.80487804878049,34.095238095238095,3.7906976744186047,419.1951219512195,52.170731707317074,76.29268292682927,158.02380952380952,0.0,8.0,55.16279069767442,0.13953488372093023,18.069767441860463,9.536585365853659,48.857142857142854,0.4186046511627907,51.1219512195122,0.0,0.0,0.0,0.0,0.0,0.0,0.0,0.0,49.53658536585366,61.642857142857146,0.5813953488372093,50.146341463414636,0.0,0.0,0.0,0.0,0.0,0.0,0.0,0.0,4.668292682926829,-0.7571428571428571,6.455813953488373,3.080487804878049,14.617073170731706,21.265853658536585,25.56904761904762,29.289743589743587,22.53170731707317,14.574418604651164,9.111627906976745,7.823255813953488,-5.143902439024391,-8.626190476190477,-6.2627906976744185,0.03170731707317076,5.96829268292683,10.873170731707317,17.238095238095237,14.464102564102564,8.848780487804879,4.969767441860465,-3.4046511627906977,-2.6232558139534885
MA,2018,0.11627906976744186,7.204545454545454,1.25,3.8181818181818183,10.325581395348838,5.295454545454546,7.9772727272727275,14.045454545454545,0.37209302325581395,2.7777777777777777,30.954545454545453,0.18604651162790697,0.0,6.159090909090909,0.0,1.1590909090909092,0.0,0.0,0.0,0.0,0.0,0.0,2.977272727272727,0.32558139534883723,80.27906976744185,29.386363636363637,6.931818181818182,3.477272727272727,0.0,0.0,0.0,0.0,0.0,0.0,8.636363636363637,21.86046511627907,-11.779069767441861,1.2136363636363636,13.127272727272727,12.879545454545456,16.504651162790697,25.913636363636364,29.236363636363638,28.431818181818183,26.5,19.155555555555555,9.256818181818183,4.527906976744186,-20.072093023255814,-8.51590909090909,0.8272727272727273,1.8272727272727274,4.793023255813953,14.115909090909092,18.079545454545453,17.01590909090909,14.367441860465116,8.115555555555556,-0.5772727272727273,-2.644186046511628
MB,2017,10.923076923076923,1.6363636363636365,1.5384615384615385,10.692307692307692,2.0,10.833333333333334,4.5,21.666666666666668,7.75,42.0,10.153846153846153,0.0,10.615384615384615,1.6363636363636365,1.5384615384615385,0.0,0.0,0.0,0.0,0.0,0.0,0.0,3.8461538461538463,0.0,247.69230769230768,198.1818181818182,118.46153846153847,15.384615384615385,0.0,0.0,0.0,0.0,0.0,0.0,49.23076923076923,60.0,-10.661538461538461,-14.3,3.476923076923077,9.461538461538462,15.958333333333334,26.791666666666668,25.333333333333332,23.791666666666668,26.275000000000002,17.176923076923078,-2.6384615384615384,1.3499999999999999,-20.0,-24.05454545454546,-10.315384615384614,-1.0153846153846153,1.5250000000000001,7.833333333333333,11.125,13.416666666666666,12.958333333333334,8.807692307692308,-9.661538461538461,-8.833333333333334
MD,2017,21.304347826086957,2.130434782608696,23.217391304347824,158.47826086956522,137.86363636363637,15.125,54.12,1.36,9.208333333333334,0.0,1.375,5.038461538461538,11.043478260869565,0.6956521739130435,1.8695652173913044,0.0,0.0,0.0,0.0,0.0,0.0,0.0,0.0,4.1923076923076925,13.26086956521739,17.652173913043477,2.217391304347826,0.0,0.0,0.0,0.0,0.0,0.0,0.0,0.0,1.9615384615384615,9.126086956521739,8.282608695652174,8.865217391304348,12.195652173913043,24.268181818181816,26.55,29.964000000000002,29.868000000000002,23.358333333333334,18.786956521739132,8.262500000000001,12.992307692307692,-2.4608695652173913,-1.9434782608695653,-0.11304347826086959,5.48695652173913,11.163636363636364,14.291666666666666,20.452,16.432000000000002,11.320833333333333,6.008695652173913,-1.8499999999999999,1.6538461538461537
MD,2018,0.6666666666666666,1.375,13.956521739130435,4.68,15.04,140.125,0.20833333333333334,149.5,89.95833333333333,0.0,1.9583333333333333,17.375,1.1666666666666667,0.0,0.0,6.08,0.0,0.0,0.0,0.0,0.0,0.0,0.0,0.0,21.166666666666668,2.125,0.0,6.08,0.0,0.0,0.0,0.0,0.0,0.0,0.0,0.0,-7.233333333333333,5.8999999999999995,13.547826086956523,16.176,23.916,27.820833333333336,32.083333333333336,27.7625,27.97083333333333,24.974999999999998,14.766666666666666,7.075,-14.654166666666667,-6.183333333333334,2.960869565217391,3.448,7.696000000000001,19.308333333333334,19.541666666666668,20.816666666666666,20.695833333333333,13.383333333333333,4.729166666666667,0.07083333333333326
ME,2017,64.88,7.836734693877551,10.285714285714286,70.82,74.72,62.59183673469388,45.48979591836735,12.040816326530612,11.88,1.8823529411764706,0.54,20.44,51.54,16.224489795918366,0.0,65.72,0.0,0.0,0.0,0.0,0.0,0.0,0.0,0.78,435.76,286.1224489795918,271.734693877551,339.88,0.0,0.0,0.0,0.0,0.0,0.0,0.0,2.02,-1.5619999999999998,-4.091836734693878,3.253061224489796,5.1339999999999995,12.606,17.740816326530613,24.081632653061224,28.436734693877554,20.464000000000002,15.041176470588235,7.52,5.022,-11.47,-16.212244897959184,-9.495918367346938,-3.69,3.7439999999999998,9.693877551020408,14.412244897959184,12.838775510204082,7.768,1.1313725490196078,-3.928,-5.4239999999999995
ME,2018,0.06,11.551020408163266,11.6875,0.2641509433962264,5.479166666666667,2.5849056603773586,41.44230769230769,10.882352941176471,0.16,13.254901960784315,19.163265306122447,2.2857142857142856,0.16,16.6734693877551,8.708333333333334,0.0,0.0,0.0,0.0,0.0,0.0,0.0,18.591836734693878,1.5510204081632653,352.66,202.30612244897958,196.91666666666666,167.30188679245282,0.0,0.0,0.0,0.0,0.0,0.0,85.53061224489795,159.0408163265306,-15.634,-3.0183673469387755,8.785416666666666,9.560377358490566,16.45,28.318867924528302,27.45384615384615,28.376470588235296,25.266,15.621568627450982,4.018367346938776,2.522448979591837,-25.29,-12.475510204081631,-1.0041666666666667,-1.288679245283019,2.6416666666666666,11.539622641509434,15.528846153846153,15.360784313725489,11.914000000000001,6.0588235294117645,-3.3591836734693876,-4.414285714285714
MH,2017,5.0,0.0,0.0,15.0,0.0,15.0,58.0,201.0,0.0,295.0,3.0,5.0,0.0,0.0,0.0,0.0,0.0,0.0,0.0,0.0,0.0,0.0,0.0,0.0,0.0,0.0,0.0,0.0,0.0,0.0,0.0,0.0,0.0,0.0,0.0,0.0,30.3,30.0,30.1,30.1,30.3,30.6,31.0,30.3,31.7,31.4,31.4,30.9,26.8,27.3,26.0,25.2,27.2,27.2,25.7,25.5,27.5,25.0,26.6,27.6
MH,2018,0.0,0.0,0.0,20.0,396.0,63.0,28.0,18.0,48.0,0.0,0.0,41.0,0.0,0.0,0.0,0.0,0.0,0.0,0.0,0.0,0.0,0.0,0.0,0.0,0.0,0.0,0.0,0.0,0.0,0.0,0.0,0.0,0.0,0.0,0.0,0.0,29.2,30.6,29.9,30.0,31.5,30.9,30.4,30.8,30.5,31.9,30.6,31.1,27.0,26.5,25.3,26.0,24.8,26.8,26.1,25.4,26.2,28.2,27.8,26.1
MI,2017,8.045751633986928,28.834437086092716,83.19463087248322,7.483221476510067,105.54248366013071,3.7181208053691277,36.99337748344371,17.45751633986928,0.48,0.22,16.233333333333334,6.9324324324324325,7.2745098039215685,33.77483443708609,14.523489932885907,2.040268456375839,0.0,0.0,0.0,0.0,0.0,0.16666666666666666,4.966666666666667,0.17567567567567569,103.19607843137256,153.64900662251657,91.88590604026845,13.140939597315436,0.0,0.0,0.0,0.0,0.0,0.16666666666666666,19.78,2.918918918918919,2.3823529411764706,-0.46688741721854304,1.1523489932885904,7.871812080536913,11.8640522875817,19.04161073825503,26.326490066225166,29.353594771241834,18.926000000000002,17.663333333333334,2.87,7.29054054054054,-6.541830065359477,-6.1172185430463575,-8.240939597315437,-1.3214765100671142,3.3418300653594772,5.887919463087249,14.701324503311259,15.149019607843139,5.311333333333334,2.881333333333333,-3.046666666666667,-3.7094594594594597
MI,2018,7.630872483221476,13.06578947368421,22.4,37.96621621621622,13.686274509803921,14.532467532467532,19.006369426751593,76.81987577639751,27.928571428571427,99.87581699346406,19.019607843137255,13.467948717948717,16.22818791946309,24.914473684210527,8.486666666666666,27.91891891891892,0.0,0.0,0.0,0.0,0.0,0.05228758169934641,6.69281045751634,1.3397435897435896,209.40939597315437,119.82894736842105,107.99333333333334,98.48648648648648,5.143790849673203,0.0,0.0,0.0,0.0,0.0,22.88235294117647,28.41025641025641,-11.350335570469799,1.575,7.744666666666667,3.598648648648649,23.264705882352942,26.964285714285715,31.873248407643313,26.904968944099377,27.412337662337663,12.78954248366013,5.896078431372549,2.2051282051282053,-19.900671140939597,-9.55986842105263,-4.167333333333334,-6.893918918918919,6.413071895424837,13.282467532467532,19.11592356687898,14.718012422360248,14.655194805194807,5.58562091503268,-1.2098039215686274,-3.1967948717948715
MN,2017,2.8015873015873014,2.642857142857143,5.163934426229508,1.0564516129032258,67.09302325581395,0.13953488372093023,12.5625,3.8217054263565893,3.725663716814159,75.3125,4.125,0.0,11.777777777777779,5.365079365079365,5.426229508196721,2.1370967741935485,6.868217054263566,0.0,0.0,0.0,0.0,0.8984375,4.5546875,2.364341085271318,143.77777777777777,141.4126984126984,62.68852459016394,4.5,4.364341085271318,0.0,0.0,0.0,0.0,0.7890625,34.1015625,11.782945736434108,-3.7365079365079366,0.04682539682539682,1.077049180327869,13.310483870967742,14.581395348837209,23.05968992248062,25.959375,28.829457364341085,21.207964601769913,18.6578125,0.9703125,6.223255813953488,-11.935714285714287,-14.362698412698412,-9.665573770491804,-0.8943548387096775,2.5031007751937984,6.148062015503876,12.1671875,16.13875968992248,9.201769911504424,7.5890625,-6.6046875,-4.304651162790697
MN,2018,0.024,1.6693548387096775,3.0569105691056913,1.704,60.193548387096776,8.491935483870968,62.91935483870968,33.04838709677419,37.37190082644628,8.196850393700787,2.272,4.782258064516129,2.664,4.008064516129032,5.032520325203252,3.416,0.0,0.0,0.0,0.0,0.0,2.1968503937007875,1.624,6.024193548387097,126.472,150.4758064516129,266.6178861788618,128.256,0.0,0.0,0.0,0.0,0.0,2.393700787401575,22.176,51.233870967741936,-21.262400000000003,-5.465322580645162,4.6292682926829265,-3.0311999999999997,20.531451612903226,26.216129032258067,28.61048387096774,27.483870967741936,27.483471074380166,10.495275590551183,4.0616,-1.0016129032258065,-30.4256,-21.445967741935487,-9.032520325203253,-13.135200000000001,7.613709677419355,13.10241935483871,17.38064516129032,13.989516129032259,15.133057851239668,3.2527559055118114,-6.255199999999999,-4.073387096774193
MO,2017,0.556390977443609,0.0,40.9921875,4.170542635658915,59.395348837209305,14.875,14.6015625,2.3384615384615386,0.1937984496124031,0.06201550387596899,8.578125,0.0,0.0,0.33064516129032256,0.0,0.0,0.0,0.0,0.0,0.0,0.0,0.0,0.0,0.0,0.0,0.20161290322580644,0.0,0.0,0.0,0.0,0.0,0.0,0.0,0.0,0.0,0.0,8.64360902255639,11.230645161290322,16.12265625,11.472868217054264,18.005426356589147,27.13359375,30.66015625,28.933076923076925,27.670542635658915,25.54186046511628,8.584375,13.957364341085272,-5.328571428571429,0.33790322580645166,1.15390625,5.286046511627907,6.433333333333334,13.82109375,18.1234375,17.096923076923076,12.971317829457364,11.402325581395349,-1.19921875,-2.487596899224806
MO,2018,0.0,0.024390243902439025,10.748148148148148,16.15671641791045,22.061068702290076,36.7,77.87394957983193,14.357723577235772,40.57627118644068,4.710743801652892,74.22764227642277,234.59349593495935,0.0,0.024390243902439025,0.0,2.485074626865672,0.0,0.0,0.0,0.0,0.0,0.0,0.0,0.10569105691056911,9.627906976744185,0.2032520325203252,0.0,1.544776119402985,0.0,0.0,0.0,0.0,0.0,0.0,0.4146341463414634,0.6097560975609756,-10.949612403100776,11.608130081300812,15.126666666666665,13.367164179104478,28.41526717557252,31.325833333333332,33.583193277310926,28.421951219512195,30.897457627118644,24.9801652892562,10.565040650406504,11.99430894308943,-21.446511627906975,-2.4146341463414633,3.428888888888889,-2.1328358208955223,14.169465648854962,19.03166666666667,21.857142857142858,14.832520325203253,19.021186440677965,14.790082644628098,2.7780487804878047,2.2495934959349593
MP,2017,0.0,0.0,117.0,20.0,28.0,0.0,10.0,0.0,180.0,64.0,10.0,36.0,0.0,0.0,0.0,0.0,0.0,0.0,0.0,0.0,0.0,0.0,0.0,0.0,0.0,0.0,0.0,0.0,0.0,0.0,0.0,0.0,0.0,0.0,0.0,0.0,29.4,28.9,30.0,31.1,31.1,33.3,33.3,32.2,34.4,30.6,31.7,31.1,24.4,25.0,25.0,24.4,26.1,26.1,27.8,27.8,22.8,25.6,25.6,27.2
MP,2018,0.0,0.0,0.0,81.0,10.0,66.0,0.0,18.0,76.0,23.0,0.0,180.0,0.0,0.0,0.0,0.0,0.0,0.0,0.0,0.0,0.0,0.0,0.0,0.0,0.0,0.0,0.0,0.0,0.0,0.0,0.0,0.0,0.0,0.0,0.0,0.0,31.1,30.6,31.1,30.6,31.1,31.7,28.9,31.1,28.9,30.0,30.0,30.6,25.0,25.6,24.4,25.6,26.7,25.0,25.6,25.0,26.7,25.6,27.2,25.0
MS,2017,193.0392156862745,0.6,9.553191489361701,20.645833333333332,103.3695652173913,10.76086956521739,23.47826086956522,4.795454545454546,196.7608695652174,0.0,8.088888888888889,14.821428571428571,0.0,0.0,0.0,0.0,0.0,0.0,0.0,0.0,0.0,0.0,0.0,2.3214285714285716,0.0,0.0,0.0,0.0,0.0,0.0,0.0,0.0,0.0,0.0,0.0,2.267857142857143,14.784313725490197,23.162,21.895744680851063,25.224999999999998,22.48695652173913,29.458695652173912,32.20869565217391,32.35,26.926086956521736,29.030434782608697,19.633333333333333,21.514285714285712,6.601960784313725,6.832000000000001,10.927659574468086,9.670833333333333,10.160869565217391,18.66521739130435,22.28478260869565,19.30909090909091,15.358695652173912,16.169565217391302,4.973333333333334,6.658928571428571
MS,2018,0.1509433962264151,4.5576923076923075,138.39622641509433,0.5434782608695652,0.0,26.666666666666668,46.7,38.16129032258065,16.310344827586206,0.20689655172413793,148.38709677419354,149.3,0.0,0.0,0.0,0.0,0.0,0.0,0.0,0.0,0.0,0.0,0.0,0.0,0.0,0.0,0.0,0.0,0.0,0.0,0.0,0.0,0.0,0.0,0.0,0.0,-0.06603773584905662,17.828846153846154,22.769811320754716,24.019565217391307,29.876666666666665,32.443333333333335,34.81333333333334,29.14516129032258,33.12068965517241,30.148275862068964,19.06451612903226,20.903333333333332,-9.873584905660376,1.598076923076923,10.49622641509434,7.221739130434782,14.379999999999999,22.07,22.796666666666667,19.625806451612902,21.110344827586207,17.73793103448276,11.36774193548387,13.743333333333334
MT,2017,15.874074074074073,16.48201438848921,6.655405405405405,1.9867549668874172,1.7191780821917808,10.167832167832168,1.5177304964539007,2.949275362318841,7.993243243243243,38.50694444444444,35.217948717948715,6.346666666666667,31.25925925925926,30.0,8.121621621621621,2.3046357615894038,1.3082191780821917,0.0,0.0,0.0,0.10135135135135136,1.5902777777777777,15.371794871794872,10.793333333333333,187.57777777777778,194.01438848920864,95.39864864864865,20.68211920529801,1.3904109589041096,0.0,0.0,0.0,0.5135135135135135,2.298611111111111,36.37179487179487,22.34,-3.6874074074074077,-5.930935251798561,6.706756756756757,13.360264900662253,20.306164383561644,28.87342657342657,32.746808510638296,32.120289855072464,30.73175675675676,17.200000000000003,5.458333333333333,6.504666666666667,-16.16962962962963,-16.16043165467626,-5.62027027027027,-0.3370860927152318,4.2541095890410965,10.26923076923077,12.12340425531915,12.28768115942029,11.412162162162161,4.71875,-5.102564102564102,-3.9480000000000004
MT,2018,4.965277777777778,4.858208955223881,7.676470588235294,8.89308176100629,25.88888888888889,108.94520547945206,4.368055555555555,0.918918918918919,3.4635761589403975,14.429530201342281,6.967320261437909,22.908450704225352,9.027777777777779,12.611940298507463,13.117647058823529,13.471698113207546,1.125925925925926,0.0,0.0,0.0,0.33112582781456956,2.3624161073825505,3.2745098039215685,23.471830985915492,266.7916666666667,141.86567164179104,299.30882352941177,89.10691823899371,0.562962962962963,0.0,0.0,0.0,0.16556291390728478,1.348993288590604,8.620915032679738,37.816901408450704,-15.759722222222223,-2.8783582089552238,0.9441176470588236,-0.7855345911949686,17.107407407407408,18.485616438356164,25.58263888888889,30.91554054054054,22.54701986754967,12.375838926174497,8.983006535947712,1.7147887323943662,-28.913194444444443,-15.242537313432836,-12.535294117647059,-14.041509433962263,4.735555555555555,8.883561643835616,10.040972222222223,11.56891891891892,5.401324503311258,-0.5993288590604027,-1.9627450980392158,-5.333802816901408
NB,2017,29.714285714285715,31.142857142857142,8.0,2.5,188.16666666666666,41.5,84.83333333333333,0.0,7.833333333333333,0.0,0.2857142857142857,27.0,18.285714285714285,30.571428571428573,8.0,2.5,0.0,0.0,0.0,0.0,0.0,0.0,0.0,0.0,267.14285714285717,231.42857142857142,328.57142857142856,377.5,0.0,0.0,0.0,0.0,0.0,0.0,2.857142857142857,0.0,0.2714285714285714,-4.385714285714285,-10.799999999999999,5.5875,12.950000000000001,21.900000000000002,25.616666666666664,26.4,18.3,17.583333333333332,4.328571428571428,5.857142857142857,-9.257142857142856,-19.0,-17.62857142857143,-5.8375,3.8833333333333333,10.466666666666667,14.766666666666666,10.32,9.566666666666666,-1.2,-4.8,-0.42857142857142855
NC,2017,28.45360824742268,0.0,27.333333333333332,53.025,142.43037974683546,16.51948051948052,47.8421052631579,5.9222222222222225,64.06410256410257,0.0,3.557894736842105,3.75,5.56701030927835,0.0,1.010752688172043,0.0,0.0,0.0,0.0,0.0,0.0,0.0,0.0,2.8076923076923075,9.68041237113402,2.5375,0.5376344086021505,0.0,0.0,0.0,0.0,0.0,0.0,0.0,0.0,2.6826923076923075,9.26701030927835,18.32375,16.662365591397847,20.69,23.845569620253166,27.309090909090912,28.446052631578947,28.56222222222222,23.67948717948718,23.825806451612905,16.01578947368421,18.548076923076923,-2.0185567010309278,0.2575,1.5365591397849463,8.79125,14.549367088607596,14.574025974025975,19.526315789473685,14.021111111111113,14.147435897435898,8.198924731182796,2.0926315789473686,3.003846153846154
NC,2018,0.8879310344827587,6.410526315789474,100.43809523809524,0.08247422680412371,7.0,66.76344086021506,3.617021276595745,173.6021505376344,251.3586956521739,17.707865168539325,4.235955056179775,62.12380952380953,13.629310344827585,0.0,1.4666666666666666,0.0,0.0,0.0,0.0,0.0,0.0,0.0,0.0,15.266666666666667,14.206896551724139,1.063157894736842,0.7142857142857143,0.0,0.0,0.0,0.0,0.0,0.0,0.0,0.0,15.238095238095237,-1.6853448275862069,10.74842105263158,13.357142857142858,19.096907216494845,23.69787234042553,28.95483870967742,31.05212765957447,28.134408602150536,27.91304347826087,25.344943820224717,19.15730337078652,15.661904761904761,-10.007758620689655,-4.892631578947369,4.503809523809523,2.492783505154639,7.607446808510638,18.578494623655914,19.65531914893617,20.489247311827956,19.965217391304346,16.84269662921348,3.4786516853932588,6.420952380952381
ND,2017,2.5,1.4901960784313726,1.6938775510204083,1.3658536585365855,8.871794871794872,0.0,1.5517241379310345,11.722222222222221,7.071428571428571,4.8,3.3958333333333335,0.0,27.604166666666668,3.196078431372549,7.73469387755102,1.7804878048780488,0.0,0.0,0.0,0.0,0.0,1.6857142857142857,4.854166666666667,6.285714285714286,387.3541666666667,322.80392156862746,125.63265306122449,5.560975609756097,0.0,0.0,0.0,0.0,0.0,0.7142857142857143,20.5625,13.448979591836734,-4.89375,-3.676470588235294,1.4489795918367347,13.278048780487804,19.512820512820515,26.741025641025644,28.220689655172414,31.458333333333332,27.29642857142857,20.354285714285712,1.7645833333333334,6.855102040816326,-13.120833333333332,-18.186274509803923,-10.791836734693877,1.5195121951219512,3.9871794871794872,8.625641025641025,12.762068965517242,14.577777777777776,12.792857142857143,8.860000000000001,-8.893749999999999,-4.389795918367347
ND,2018,0.0,0.14035087719298245,5.176470588235294,0.0625,12.058823529411764,111.45454545454545,19.838709677419356,0.7241379310344828,4.774193548387097,7.3061224489795915,2.8979591836734695,8.72549019607843,5.520833333333333,12.052631578947368,13.647058823529411,4.541666666666667,0.0,0.0,0.0,0.0,0.0,4.755102040816326,2.4489795918367347,2.9411764705882355,72.5,53.54385964912281,129.1764705882353,112.25,0.0,0.0,0.0,0.0,0.0,5.6938775510204085,24.79591836734694,40.86274509803921,-21.56458333333333,-8.822807017543859,1.5098039215686274,-6.254166666666666,17.873529411764707,26.645454545454545,26.980645161290322,26.63103448275862,23.6,7.7122448979591836,3.9224489795918367,-0.4372549019607843,-32.485416666666666,-22.924561403508772,-12.284313725490197,-16.58125,4.188235294117647,13.739393939393938,13.564516129032258,11.568965517241379,7.754838709677419,0.6387755102040816,-6.477551020408163,-5.145098039215686
NE,2017,0.12096774193548387,2.584,0.736,17.14516129032258,72.64516129032258,8.413223140495868,6.89344262295082,2.725,4.529411764705882,43.19834710743802,1.6825396825396826,0.0,2.2419354838709675,6.776,1.224,3.306451612903226,20.419354838709676,0.0,0.0,0.0,0.0,0.0,2.492063492063492,0.6776859504132231,8.580645161290322,23.568,14.064,2.4516129032258065,12.943548387096774,0.0,0.0,0.0,0.0,0.0,0.3968253968253968,1.8925619834710743,3.418548387096774,4.865600000000001,9.432799999999999,8.616129032258065,15.787903225806453,26.058677685950414,30.653278688524587,29.626666666666665,28.82521008403361,23.330578512396695,7.231746031746032,12.400826446280991,-8.553225806451612,-5.707199999999999,-5.3616,2.457258064516129,2.0,9.963636363636363,14.271311475409835,15.460833333333333,13.600840336134453,12.164462809917357,-4.3999999999999995,-4.704132231404959
NE,2018,0.10743801652892562,1.050420168067227,0.20833333333333334,23.133333333333333,22.617391304347827,24.425,87.09166666666667,1.1016949152542372,18.367521367521366,19.75409836065574,0.26495726495726496,201.87610619469027,1.0495867768595042,1.403361344537815,1.35,36.06666666666667,0.0,0.0,0.0,0.0,0.0,2.2540983606557377,1.8632478632478633,39.469026548672566,76.9504132231405,30.798319327731093,7.183333333333334,31.825,0.0,0.0,0.0,0.0,0.0,2.4918032786885247,2.3675213675213675,38.3716814159292,-16.38677685950413,3.795798319327731,9.91,2.8141666666666665,25.681739130434785,31.738333333333333,28.7775,28.222881355932206,31.71111111111111,11.407377049180328,13.102564102564102,3.3247787610619466,-25.50826446280992,-9.871428571428572,-4.816666666666666,-6.7091666666666665,9.820869565217393,15.545,15.021666666666667,12.231355932203389,15.983760683760684,6.7893442622950815,-4.1461538461538465,-1.5769911504424778
NH,2017,33.225,19.1,7.380952380952381,251.38095238095238,66.8780487804878,60.0,103.95,6.95,7.9,14.95,1.1,21.642857142857142,21.9,28.5,2.9523809523809526,184.66666666666666,0.0,0.0,0.0,0.0,0.0,0.0,0.625,2.9047619047619047,266.125,228.0,134.16666666666666,346.6190476190476,23.536585365853657,0.0,0.0,0.0,0.0,0.0,0.75,16.261904761904763,0.8299999999999998,-2.93,4.2,3.3619047619047615,13.273170731707317,21.39,25.384999999999998,29.2,19.95,12.88,6.6125,4.630952380952381,-10.120000000000001,-13.995,-7.383333333333334,-2.3047619047619046,3.9804878048780483,8.8725,15.575,12.725,7.402500000000001,1.4975,-4.63,-6.004761904761905
NH,2018,3.1219512195121952,9.975,2.926829268292683,2.7435897435897436,12.025,3.358974358974359,22.82051282051282,16.102564102564102,0.15384615384615385,19.23076923076923,32.775,4.390243902439025,3.6097560975609757,11.375,1.5609756097560976,0.3333333333333333,0.0,0.0,0.0,0.0,0.0,0.0,23.1,1.6097560975609757,287.390243902439,117.6,80.58536585365853,63.256410256410255,17.775,0.0,0.0,0.0,0.0,0.0,95.1,171.0,-14.826829268292682,-2.1125,10.953658536585367,10.192307692307692,18.2625,28.46153846153846,28.579487179487177,27.674358974358974,25.31025641025641,16.07948717948718,4.0600000000000005,2.1634146341463416,-24.59512195121951,-10.95,-0.7804878048780488,-0.6512820512820513,3.0625,13.992307692307694,16.8025641025641,15.717948717948717,13.833333333333334,6.17948717948718,-3.585,-4.173170731707317
NJ,2017,5.173913043478261,5.136363636363637,10.761904761904763,229.56521739130434,42.73913043478261,4.391304347826087,81.78260869565217,0.0,5.0,1.8636363636363635,0.0,5.136363636363637,0.5652173913043478,5.863636363636363,0.0,0.0,0.0,0.0,0.0,0.0,0.0,0.0,0.0,0.0,3.5217391304347827,6.863636363636363,0.0,0.0,0.0,0.0,0.0,0.0,0.0,0.0,0.0,0.0,7.739130434782608,4.590909090909091,13.942857142857143,8.434782608695652,18.530434782608694,26.330434782608698,30.62173913043478,31.2,23.286956521739132,18.768181818181816,9.136363636363637,11.80909090909091,-2.534782608695652,-4.304545454545455,-0.6428571428571429,2.708695652173913,9.243478260869566,13.447826086956523,19.269565217391303,15.881818181818181,10.578260869565218,6.736363636363635,-2.3045454545454547,-0.5227272727272727
NJ,2018,0.0,0.5263157894736842,9.391304347826088,0.14285714285714285,3.0869565217391304,18.652173913043477,18.869565217391305,14.75,18.166666666666668,0.0,0.13043478260869565,6.782608695652174,0.0,0.0,18.0,0.0,0.0,0.0,0.0,0.0,0.0,0.0,3.3043478260869565,0.0,19.523809523809526,0.0,29.73913043478261,0.0,0.0,0.0,0.0,0.0,0.0,0.0,0.0,0.0,-7.671428571428571,2.3684210526315788,14.517391304347825,15.404761904761905,20.956521739130434,24.782608695652176,33.06956521739131,28.266666666666666,26.804166666666664,23.150000000000002,16.73478260869565,6.434782608695652,-16.08095238095238,-7.505263157894737,1.9608695652173913,1.8285714285714285,6.226086956521739,17.391304347826086,20.35217391304348,20.162499999999998,18.166666666666668,11.758333333333333,2.1739130434782608,-0.9869565217391305
NL,2017,55.06666666666667,2.727272727272727,66.15384615384616,9.384615384615385,0.9230769230769231,36.2,73.55555555555556,79.33333333333333,20.444444444444443,3.1666666666666665,0.0,2.769230769230769,54.13333333333333,2.909090909090909,68.0,11.384615384615385,0.0,0.0,0.0,0.0,0.0,0.0,0.0,0.46153846153846156,166.0,342.72727272727275,412.3076923076923,633.8461538461538,31.53846153846154,0.0,0.0,0.0,0.0,0.0,0.7692307692307693,32.30769230769231,-1.3733333333333335,-5.590909090909091,-6.007692307692308,1.0769230769230769,8.407692307692308,14.1,18.299999999999997,15.722222222222221,17.444444444444443,13.125,6.261538461538462,2.0384615384615383,-7.8533333333333335,-15.20909090909091,-11.823076923076922,-4.538461538461538,-3.2615384615384615,6.21,11.722222222222221,9.88888888888889,10.033333333333333,0.3500000000000001,0.1769230769230769,-6.376923076923077
NM,2017,13.555555555555555,0.0,0.9484536082474226,26.31958762886598,1.3297872340425532,16.97938144329897,7.08421052631579,69.65979381443299,4.489795918367347,38.255102040816325,0.34375,0.0,2.3434343434343434,0.0,0.7835051546391752,7.876288659793815,0.0,0.0,0.0,0.0,0.0,0.0,0.0,0.8613861386138614,5.393939393939394,23.76595744680851,9.154639175257731,4.742268041237113,0.0,0.0,0.0,0.0,0.0,0.0,0.0,0.24752475247524752,9.717171717171718,16.381914893617022,14.598969072164948,13.75360824742268,22.680851063829788,25.45773195876289,32.96,28.27525773195876,29.632653061224488,22.852040816326532,19.138541666666665,15.34950495049505,-2.6222222222222222,-2.9765957446808513,-2.979381443298969,0.022680412371134002,2.9617021276595743,9.17319587628866,14.797894736842105,15.197938144329898,11.370408163265306,9.462244897959183,1.4114583333333333,0.7742574257425743
NM,2018,0.049019607843137254,0.0,0.27184466019417475,0.0,0.0,2.2718446601941746,16.150943396226417,18.764150943396228,17.542056074766354,4.811320754716981,6.349514563106796,3.979381443298969,0.0,0.11926605504587157,0.5631067961165048,0.0,0.0,0.0,0.0,0.0,0.0,0.0,0.49514563106796117,1.9896907216494846,0.0,1.165137614678899,0.0,0.0,0.0,0.0,0.0,0.0,0.0,0.0,1.7281553398058251,12.030927835051546,6.961764705882353,17.15137614678899,13.969902912621361,21.436274509803923,28.17578947368421,33.029126213592235,32.35566037735849,31.352830188679246,30.52523364485981,28.222641509433963,12.218446601941748,10.222680412371135,-10.704901960784314,-3.4211009174311924,-5.4893203883495145,2.756862745098039,9.426315789473684,11.131067961165048,14.782075471698114,14.99433962264151,12.991588785046728,11.440566037735849,-3.087378640776699,-1.5391752577319588
NS,2017,71.11111111111111,75.44444444444444,11.11111111111111,10.11111111111111,60.166666666666664,24.166666666666668,131.83333333333334,0.0,12.0,0.0,0.0,163.88888888888889,15.222222222222221,76.55555555555556,10.0,9.444444444444445,0.0,0.0,0.0,0.0,0.0,0.0,0.0,0.0,12.222222222222221,13.333333333333334,1.1111111111111112,76.66666666666667,0.0,0.0,0.0,0.0,0.0,0.0,1.1111111111111112,0.0,5.0,-0.4555555555555555,-8.677777777777777,4.444444444444445,11.416666666666666,21.166666666666668,22.75,27.333333333333332,19.333333333333332,16.916666666666668,7.077777777777778,8.822222222222223,-4.488888888888889,-11.377777777777778,-13.533333333333333,-4.811111111111111,2.9166666666666665,9.166666666666666,15.416666666666666,13.333333333333334,9.583333333333334,1.5,-1.5666666666666667,-1.2444444444444445
NT,2017,12.666666666666666,0.0,0.0,0.6666666666666666,6.666666666666667,0.0,0.0,0.0,0.0,50.0,23.333333333333332,10.0,13.333333333333334,0.0,0.0,0.0,0.0,0.0,0.0,0.0,0.0,0.0,27.333333333333332,16.666666666666668,186.66666666666666,246.66666666666666,303.3333333333333,186.66666666666666,3.3333333333333335,0.0,0.0,0.0,0.0,0.0,70.0,150.0,-11.733333333333334,-16.433333333333334,-9.766666666666666,4.566666666666666,15.533333333333333,31.0,26.0,25.0,31.0,10.9,-6.966666666666666,-9.3,-18.333333333333332,-27.8,-26.066666666666666,-5.433333333333334,-0.7000000000000002,6.0,9.0,11.0,7.0,0.09999999999999994,-10.299999999999999,-18.433333333333334
NV,2017,4.780821917808219,0.0,0.3150684931506849,1.4027777777777777,0.7567567567567568,0.18309859154929578,0.9166666666666666,0.2112676056338028,15.027027027027026,0.9864864864864865,0.7368421052631579,0.7866666666666666,6.315068493150685,0.0,0.0,0.0,0.0,0.0,0.0,0.0,0.0,0.0,0.0,0.3333333333333333,37.945205479452056,143.4788732394366,67.1917808219178,20.444444444444443,1.3783783783783783,0.0,0.0,0.0,0.0,0.0,0.0,0.0,5.715068493150685,10.002816901408451,11.317808219178083,14.670833333333333,24.035135135135135,27.652112676056337,36.35138888888889,36.91971830985916,30.23108108108108,21.464864864864865,16.628947368421052,11.837333333333333,-7.946575342465754,-3.8943661971830985,-3.6780821917808217,0.8180555555555556,6.741891891891892,9.173239436619717,15.466666666666665,16.866197183098592,12.175675675675675,4.147297297297297,-1.55,-3.852
NV,2018,0.0,0.0,6.373333333333333,0.0,4.054794520547945,3.232876712328767,5.375,3.5,0.0,1.2361111111111112,0.971830985915493,11.661971830985916,0.0,0.0,4.0,0.0,0.1780821917808219,0.0,0.0,0.0,0.0,0.0,0.0,18.718309859154928,0.6666666666666666,4.77027027027027,27.12,4.236111111111111,0.0,0.0,0.0,0.0,0.0,0.0,0.0,34.816901408450704,12.164,15.00135135135135,8.004,21.630555555555556,22.599999999999998,24.583561643835615,33.641666666666666,36.127027027027026,29.529166666666665,25.83888888888889,14.407042253521126,6.1676056338028165,-4.968,-0.1635135135135135,-4.046666666666667,2.1805555555555554,5.46027397260274,6.298630136986302,14.083333333333334,17.614864864864863,8.459722222222222,9.023611111111112,-2.2154929577464793,-4.6563380281690145
NY,2017,17.69158878504673,28.74074074074074,14.726415094339623,158.01904761904763,106.85185185185185,21.513513513513512,95.84545454545454,4.467889908256881,14.24074074074074,8.9009009009009,9.154545454545454,20.783783783783782,10.766355140186915,47.370370370370374,6.028301886792453,7.742857142857143,0.0,0.0,0.0,0.0,0.0,0.0,1.1727272727272726,2.873873873873874,105.24299065420561,129.16666666666666,20.632075471698112,22.761904761904763,0.0,0.0,0.0,0.0,0.0,0.0,3.2181818181818183,6.396396396396397,3.463551401869159,0.2203703703703704,5.277358490566037,4.925714285714286,16.322222222222223,22.58108108108108,26.288181818181815,28.443119266055046,18.610185185185188,14.772072072072072,5.366363636363636,8.21081081081081,-5.196261682242991,-9.474074074074075,-5.965094339622641,0.4380952380952381,4.9185185185185185,10.236036036036037,17.30272727272727,14.663302752293578,7.2592592592592595,2.9756756756756757,-3.327272727272727,-2.3963963963963963
NY,2018,5.8090909090909095,4.351351351351352,9.935779816513762,22.22222222222222,8.710280373831775,35.114285714285714,32.66019417475728,14.673076923076923,5.568627450980392,30.027272727272727,40.51376146788991,7.834862385321101,13.445454545454545,7.297297297297297,11.0,1.4444444444444444,1.0467289719626167,0.0,0.0,0.0,0.0,0.0,7.5963302752293576,1.614678899082569,164.63636363636363,56.108108108108105,65.06422018348624,16.453703703703702,1.1869158878504673,0.0,0.0,0.0,0.0,0.0,47.357798165137616,71.3302752293578,-12.523636363636363,1.3783783783783783,10.393577981651378,10.343518518518518,20.5803738317757,25.806666666666665,31.367961165048545,26.66923076923077,26.284313725490197,15.691818181818181,9.94862385321101,2.253211009174312,-22.71090909090909,-11.26036036036036,-0.843119266055046,-2.0824074074074073,4.149532710280374,17.777142857142856,18.84757281553398,18.189423076923077,15.708823529411765,7.932727272727273,1.0660550458715596,-1.7935779816513762
OH,2017,9.835616438356164,7.957746478873239,132.36111111111111,83.0,138.55384615384617,10.453125,129.89830508474577,0.864406779661017,5.2063492063492065,1.03125,16.317460317460316,16.28985507246377,0.5753424657534246,6.014084507042254,1.5833333333333333,0.0,0.0,0.0,0.0,0.0,0.0,0.0,0.0,0.043478260869565216,2.4657534246575343,16.492957746478872,2.0972222222222223,0.0,0.0,0.0,0.0,0.0,0.0,0.0,0.0,0.7246376811594203,6.647945205479452,4.732394366197183,8.131944444444445,12.428125,19.924615384615382,25.3078125,28.050847457627118,29.335593220338982,22.01904761904762,20.34375,6.6650793650793645,11.717391304347826,-3.734246575342466,-0.6352112676056337,-2.058333333333333,3.4265625,9.626153846153846,10.2828125,17.8864406779661,15.150847457627119,9.041269841269841,4.009375,-2.8682539682539683,-2.7594202898550724
OH,2018,3.295774647887324,1.8285714285714285,81.46478873239437,13.102941176470589,3.338709677419355,45.31147540983606,10.8,146.07462686567163,59.303030303030305,0.171875,159.3943661971831,60.0,5.845070422535211,0.45714285714285713,2.1971830985915495,9.25,0.0,0.0,0.0,0.0,0.0,0.0,1.4929577464788732,1.1267605633802817,63.36619718309859,7.6,4.985915492957746,7.102941176470588,0.0,0.0,0.0,0.0,0.0,0.0,0.704225352112676,2.1267605633802815,-9.570422535211268,7.267142857142857,12.550704225352113,12.105882352941178,24.97258064516129,29.291803278688523,32.46153846153846,25.264179104477613,28.946969696969695,26.2953125,11.990140845070423,7.105633802816901,-20.004225352112677,-6.165714285714286,2.46056338028169,-0.9161764705882354,6.803225806451613,18.70655737704918,20.184615384615384,18.574626865671643,18.448484848484846,11.6765625,4.730985915492957,0.7394366197183099
OK,2017,1.0,0.0,5.2,27.666666666666668,8.125,13.24,30.77777777777778,24.583333333333332,0.0,0.0,6.0,0.0,7.527777777777778,0.0,0.0,0.0,0.0,0.0,0.0,0.0,0.0,0.0,0.0,0.0,7.722222222222222,0.0,0.0,0.0,0.0,0.0,0.0,0.0,0.0,0.0,0.0,0.0,13.666666666666666,19.142307692307693,21.116,20.048148148148147,20.412499999999998,29.496,32.53333333333333,28.6875,29.756,27.796296296296298,16.96153846153846,17.684375,-0.6222222222222222,0.04615384615384618,2.8,6.351851851851852,5.554166666666667,16.4,19.8962962962963,18.837500000000002,14.004000000000001,13.996296296296295,5.276923076923077,2.134375
OK,2018,0.0,0.0,44.696969696969695,16.2972972972973,0.0,0.4411764705882353,53.23529411764706,1.6470588235294117,5.228571428571429,0.0,50.68421052631579,45.1875,0.07894736842105263,0.0,0.0,0.08108108108108109,0.0,0.0,0.0,0.0,0.0,0.0,3.3421052631578947,0.0,0.6578947368421053,0.0,0.0,0.0,0.0,0.0,0.0,0.0,0.0,0.0,3.973684210526316,0.0,-5.5,14.255882352941176,17.966666666666665,15.613513513513515,30.27878787878788,34.567647058823525,34.891176470588235,31.126470588235293,33.82,28.94857142857143,14.415789473684208,17.134375,-14.802631578947368,-0.411764705882353,4.709090909090909,2.054054054054054,16.581818181818182,21.99411764705882,22.28529411764706,15.855882352941178,20.334285714285716,17.917142857142856,2.8815789473684212,4.928125
ON,2017,7.719298245614035,11.24561403508772,1.25,2.6315789473684212,195.8846153846154,11.076923076923077,67.11538461538461,14.352941176470589,4.294117647058823,13.18867924528302,61.228070175438596,0.7543859649122807,3.6140350877192984,12.701754385964913,0.03571428571428571,0.07017543859649122,0.5769230769230769,0.0,0.0,0.0,0.0,0.0,5.192982456140351,0.17543859649122806,199.47368421052633,188.59649122807016,133.39285714285714,38.59649122807018,0.0,0.0,0.0,0.0,0.0,0.0,14.736842105263158,16.31578947368421,0.7263157894736841,-1.2333333333333334,-6.7,8.885964912280702,12.971153846153847,18.278846153846153,24.259615384615383,28.735294117647058,18.725490196078432,17.79245283018868,4.631578947368421,5.428070175438596,-7.280701754385965,-9.219298245614034,-16.469642857142855,0.20877192982456141,4.230769230769231,8.932692307692308,15.971153846153847,15.362745098039216,6.019607843137255,3.0698113207547166,-3.2929824561403507,-0.28421052631578947
OR,2017,51.326530612244895,33.0,49.333333333333336,3.6210526315789475,23.442105263157895,14.706521739130435,1.0108695652173914,0.0,2.1931818181818183,29.172043010752688,22.484536082474225,20.373737373737374,33.09183673469388,5.5,16.931372549019606,0.031578947368421054,0.031578947368421054,0.0,0.0,0.0,0.0,0.8494623655913979,1.2783505154639174,6.878787878787879,164.29591836734693,210.51063829787233,154.8921568627451,77.78947368421052,44.65263157894737,23.195652173913043,2.760869565217391,0.0,0.0,0.8172043010752689,8.628865979381443,15.626262626262626,3.211224489795918,4.6436170212765955,8.391176470588235,14.098947368421054,18.022105263157894,21.355434782608697,27.953260869565216,33.690109890109895,27.66590909090909,16.441935483870967,13.79278350515464,6.835353535353536,-5.477551020408163,-2.7946808510638297,0.43039215686274507,2.3326315789473684,4.967368421052631,10.98695652173913,11.025,12.059340659340661,12.010227272727274,6.645161290322581,2.6762886597938147,0.5626262626262626
OR,2018,0.49514563106796117,11.295238095238096,82.02912621359224,17.616161616161616,13.244897959183673,5.778947368421052,0.65625,0.22340425531914893,3.53125,5.548387096774194,40.577777777777776,99.8659793814433,0.18446601941747573,7.6571428571428575,13.087378640776699,1.3131313131313131,0.0,0.0,0.0,0.0,0.0,0.0,1.4555555555555555,22.95876288659794,18.980582524271846,31.933333333333334,91.96116504854369,34.37373737373738,10.36734693877551,0.0,0.0,0.0,0.0,0.26881720430107525,1.9666666666666666,31.690721649484537,6.042718446601942,8.469523809523809,7.088349514563107,13.132323232323232,17.591836734693878,18.59578947368421,28.758333333333336,30.15,21.652083333333334,19.900000000000002,12.80111111111111,7.002061855670104,-2.478640776699029,1.4895238095238095,-0.45922330097087377,0.9616161616161616,7.291836734693878,5.362105263157895,12.173958333333333,12.502127659574468,6.536458333333333,8.526881720430108,3.058888888888889,0.9247422680412372
PA,2017,19.68595041322314,29.86178861788618,35.917355371900825,177.83739837398375,104.2439024390244,19.172131147540984,81.5327868852459,3.225,5.46218487394958,0.940677966101695,3.330508474576271,15.768595041322314,2.165289256198347,29.211382113821138,4.578512396694215,0.10569105691056911,0.0,0.0,0.0,0.0,0.0,0.0,0.0847457627118644,0.628099173553719,22.65289256198347,50.21951219512195,6.305785123966942,0.0,0.0,0.0,0.0,0.0,0.0,0.0,0.211864406779661,1.256198347107438,5.445454545454545,3.4878048780487805,8.830578512396695,8.169918699186992,21.984552845528455,24.50573770491803,28.315573770491802,29.25,21.05294117647059,16.57542372881356,5.909322033898305,11.444628099173553,-3.9289256198347107,-4.443089430894309,-3.8181818181818183,2.6528455284552845,9.475609756097562,10.269672131147543,18.274590163934427,14.74,7.953781512605042,2.490677966101695,-4.755932203389831,-1.5760330578512398
PA,2018,2.6186440677966103,4.612068965517241,37.747899159663866,12.705882352941176,2.4049586776859506,51.865546218487395,13.017391304347827,80.84745762711864,58.85217391304348,3.1140350877192984,42.29661016949152,15.24561403508772,3.5677966101694913,3.9051724137931036,1.6218487394957983,7.773109243697479,0.0,0.0,0.0,0.0,0.0,0.0,5.872881355932203,0.4473684210526316,66.35593220338983,18.20689655172414,7.689075630252101,6.19327731092437,0.0,0.0,0.0,0.0,0.0,0.0,9.889830508474576,9.570175438596491,-9.918644067796611,3.138793103448276,12.61344537815126,12.711764705882354,22.28181818181818,26.000840336134452,31.805217391304346,25.49322033898305,26.301739130434783,22.294736842105262,12.429661016949153,4.158771929824562,-19.98050847457627,-10.395689655172415,-0.934453781512605,-1.245378151260504,4.608264462809918,18.476470588235294,18.133913043478262,17.90762711864407,16.976521739130433,9.087719298245615,3.4957627118644066,-1.0535087719298246
PE,2017,93.5,0.0,10.0,0.0,74.0,34.0,0.0,0.0,0.0,0.0,2.5,44.5,22.0,5.0,25.0,0.0,0.0,0.0,0.0,0.0,0.0,0.0,0.0,0.0,50.0,5.0,30.0,45.0,0.0,0.0,0.0,0.0,0.0,0.0,5.0,5.0,3.25,-2.25,-0.7000000000000002,1.55,10.0,20.0,19.0,24.0,21.0,17.0,10.0,5.9,-7.65,-15.05,-14.8,-6.05,3.0,9.0,9.0,13.0,7.0,-1.0,-4.35,-4.0
PR,2017,0.0,3.0,33.0,0.0,307.0,0.0,10.0,23.0,3.0,30.0,0.0,0.0,0.0,0.0,0.0,0.0,0.0,0.0,0.0,0.0,0.0,0.0,0.0,0.0,0.0,0.0,0.0,0.0,0.0,0.0,0.0,0.0,0.0,0.0,0.0,0.0,29.4,30.0,28.3,30.0,27.8,30.6,31.7,32.2,31.7,31.1,31.7,29.4,25.0,23.9,22.2,23.3,22.2,24.4,25.0,27.2,26.7,24.4,24.4,24.4
PR,2018,0.0,3.0,0.0,0.0,69.0,0.0,0.0,43.0,0.0,0.0,20.0,33.0,0.0,0.0,0.0,0.0,0.0,0.0,0.0,0.0,0.0,0.0,0.0,0.0,0.0,0.0,0.0,0.0,0.0,0.0,0.0,0.0,0.0,0.0,0.0,0.0,29.4,27.8,26.7,28.3,30.0,31.1,30.6,30.6,31.1,30.6,31.1,30.0,23.9,23.3,22.2,22.2,23.9,25.0,26.1,25.6,25.6,25.0,24.4,22.8
PW,2017,3.0,84.0,1250.0,48.0,46.0,279.0,69.0,300.0,0.0,8.0,145.0,46.0,0.0,0.0,0.0,0.0,0.0,0.0,0.0,0.0,0.0,0.0,0.0,0.0,0.0,0.0,0.0,0.0,0.0,0.0,0.0,0.0,0.0,0.0,0.0,0.0,31.7,28.9,29.4,30.0,33.3,31.1,32.2,31.7,31.7,31.1,32.2,32.2,26.7,24.4,25.0,23.9,24.4,24.4,25.0,25.6,26.7,25.6,24.4,26.1
RI,2017,29.166666666666668,20.5,18.166666666666668,372.5,40.166666666666664,18.333333333333332,116.5,0.0,0.0,55.833333333333336,0.5,16.833333333333332,0.0,24.333333333333332,0.0,0.0,0.0,0.0,0.0,0.0,0.0,0.0,0.0,0.0,0.0,33.833333333333336,0.0,0.0,0.0,0.0,0.0,0.0,0.0,0.0,0.0,0.0,6.583333333333333,3.3333333333333335,3.983333333333334,4.05,17.400000000000002,24.099999999999998,27.96666666666667,30.28333333333333,23.433333333333334,18.066666666666666,12.133333333333333,9.9,-2.05,-5.633333333333333,-5.733333333333333,0.8666666666666668,8.066666666666666,12.416666666666666,18.416666666666668,16.033333333333335,10.0,5.183333333333334,-1.3833333333333335,0.3833333333333333
RI,2018,0.0,3.3333333333333335,2.5,0.0,0.0,20.666666666666668,5.833333333333333,0.0,1.0,11.166666666666666,0.5,0.0,0.0,0.0,2.1666666666666665,0.0,0.0,0.0,0.0,0.0,0.0,0.0,0.8333333333333334,0.0,21.0,47.5,0.0,0.0,0.0,0.0,0.0,0.0,0.0,0.0,0.0,0.0,-10.25,4.45,16.283333333333335,15.450000000000001,17.666666666666668,24.633333333333336,32.78333333333333,29.45,26.95,21.2,14.15,5.716666666666666,-18.316666666666666,-5.45,2.1333333333333333,2.5,5.383333333333333,16.05,19.366666666666667,18.15,15.533333333333333,10.283333333333333,2.1666666666666665,-2.6666666666666665
SC,2017,66.375,0.7755102040816326,8.11111111111111,6.62962962962963,108.40816326530613,10.877551020408163,101.70588235294117,0.0,48.12,0.0,3.1923076923076925,5.607843137254902,0.0,0.0,0.0,0.0,0.0,0.0,0.0,0.0,0.0,0.0,0.0,0.0,0.0,0.0,0.0,0.0,0.0,0.0,0.0,0.0,0.0,0.0,0.0,0.0,10.648214285714285,21.448979591836736,21.53333333333333,25.235185185185188,24.871428571428574,29.255102040816325,31.87843137254902,30.362,27.168000000000003,26.47,17.463461538461537,21.55686274509804,0.46785714285714286,3.583673469387755,5.522222222222222,9.429629629629629,15.6,17.64081632653061,21.370588235294118,15.408,15.802,11.084000000000001,3.9923076923076923,7.268627450980392
SC,2018,0.21311475409836064,0.11363636363636363,142.28571428571428,5.169811320754717,0.0,59.0,13.981132075471699,135.35849056603774,166.57407407407408,18.81132075471698,2.611111111111111,50.9,13.967213114754099,0.0,0.0,0.0,0.0,0.0,0.0,0.0,0.0,0.0,0.0,0.0,15.852459016393443,0.0,0.0,0.0,0.0,0.0,0.0,0.0,0.0,0.0,0.0,0.0,3.978688524590164,12.570454545454545,16.740816326530613,21.2811320754717,25.871428571428574,30.728846153846156,32.054716981132074,29.39622641509434,29.28518518518519,28.379245283018868,21.64814814814815,16.258,-4.619672131147541,-3.5477272727272724,5.522448979591837,4.7075471698113205,9.926530612244898,19.198076923076922,21.37547169811321,20.930188679245283,21.024074074074072,16.962264150943398,6.385185185185185,7.542000000000001
SD,2017,1.5660377358490567,9.425742574257425,2.2135922330097086,4.980769230769231,35.48623853211009,0.0,3.415929203539823,12.134453781512605,8.078260869565218,47.56140350877193,2.5535714285714284,0.4260869565217391,3.1792452830188678,19.138613861386137,4.203883495145631,0.6153846153846154,9.972477064220184,0.0,0.0,0.0,0.0,0.0,0.6785714285714286,0.4,116.61320754716981,128.4851485148515,19.533980582524272,0.7307692307692307,3.697247706422018,0.0,0.0,0.0,0.0,0.0,0.0,0.4434782608695652,-2.267924528301887,-1.2326732673267327,5.965048543689321,13.354807692307693,18.2651376146789,26.643362831858404,30.528318584070796,31.0109243697479,26.984347826086957,21.717543859649126,6.902678571428572,9.464347826086957,-12.849056603773585,-10.574257425742575,-6.468932038834951,0.33557692307692305,3.0045871559633026,7.994690265486725,12.853982300884956,16.03529411764706,14.039130434782608,10.942105263157895,-6.171428571428572,-5.00608695652174
SD,2018,0.22935779816513763,0.5660377358490566,0.6764705882352942,2.3486238532110093,16.517857142857142,11.849557522123893,53.2212389380531,2.0535714285714284,8.601769911504425,11.964601769911505,1.0714285714285714,41.764150943396224,0.22935779816513763,0.5188679245283019,0.029411764705882353,3.44954128440367,0.0,0.0,0.0,0.0,0.0,0.0,0.0,23.764150943396228,86.72477064220183,16.5,119.7156862745098,11.155963302752294,0.0,0.0,0.0,0.0,0.0,0.0,1.1160714285714286,20.556603773584907,-21.057798165137616,-0.33490566037735847,2.626470588235294,-0.5587155963302752,21.749107142857145,30.543362831858406,28.032743362831855,28.933035714285715,28.646902654867255,12.046017699115044,9.99642857142857,2.431132075471698,-31.762385321100915,-18.211320754716983,-10.97843137254902,-11.287155963302752,6.778571428571429,15.193805309734515,14.89557522123894,13.727678571428571,12.209734513274336,3.941592920353982,-4.380357142857143,-2.916037735849057
SK,2017,2.4,2.5,14.384615384615385,11.851851851851851,7.321428571428571,11.857142857142858,1.7142857142857142,43.04347826086956,5.238095238095238,137.95,3.1,2.0952380952380953,2.4,1.6666666666666667,14.846153846153847,1.3333333333333333,0.0,0.0,0.0,0.0,0.0,0.0,9.0,2.0952380952380953,88.4,97.91666666666667,79.61538461538461,50.74074074074074,13.214285714285714,0.0,0.0,0.0,0.0,0.0,48.5,60.476190476190474,-13.732000000000001,-11.583333333333334,3.523076923076923,11.977777777777776,18.5,31.067857142857143,27.275000000000002,22.891304347826086,26.066666666666666,14.440000000000001,-3.09,1.4190476190476191,-22.872,-21.858333333333334,-8.838461538461539,-0.8888888888888888,4.892857142857143,10.707142857142857,10.646428571428572,10.108695652173912,11.761904761904763,5.845000000000001,-10.24,-9.961904761904762
TN,2017,70.64341085271317,0.6124031007751938,64.44,7.480314960629921,140.55,3.0166666666666666,47.21311475409836,0.06666666666666667,183.075,0.0,9.610526315789473,15.021052631578947,0.0,0.0,0.0,0.0,0.0,0.0,0.0,0.0,0.0,0.0,0.0,0.0,0.0,0.5891472868217055,0.0,0.0,0.0,0.0,0.0,0.0,0.0,0.0,0.0,0.0,9.303875968992248,18.21627906976744,16.26,17.841732283464566,22.440833333333334,28.3825,30.190983606557378,29.928333333333335,24.65583333333333,24.617796610169492,15.026315789473685,16.266315789473683,2.4472868217054264,1.2999999999999998,3.2264,7.5913385826771655,10.715833333333334,14.901666666666667,20.068852459016394,16.234166666666667,12.922500000000001,9.402542372881356,1.9642105263157894,2.4136842105263154
TN,2018,2.0948275862068964,17.801980198019802,296.4166666666667,6.303030303030303,2.0454545454545454,169.61363636363637,30.011363636363637,111.63636363636364,30.802197802197803,4.088888888888889,75.21428571428571,184.989898989899,4.482758620689655,0.7821782178217822,1.3333333333333333,0.0,0.0,0.0,0.0,0.0,0.0,0.0,0.8469387755102041,0.46464646464646464,6.758620689655173,2.2475247524752477,1.3981481481481481,0.0,0.0,0.0,0.0,0.0,0.0,0.0,0.5102040816326531,0.5050505050505051,-3.631896551724138,12.982178217821783,14.839814814814815,20.118181818181817,26.548863636363638,29.264772727272728,32.470454545454544,27.682954545454546,29.69120879120879,28.522222222222222,17.20204081632653,16.585858585858585,-13.585344827586209,-2.201980198019802,6.92962962962963,4.023232323232324,8.723863636363637,18.369318181818183,21.143181818181816,18.744318181818183,19.692307692307693,15.662222222222221,6.270408163265306,9.94040404040404
TX,2017,12.238866396761134,0.01195219123505976,11.05,10.56175298804781,0.728,44.31325301204819,45.55555555555556,56.09465020576132,0.08571428571428572,12.70954356846473,19.715481171548117,0.0,0.0,0.0,0.0,0.0,0.0,0.0,0.0,0.0,0.0,0.0,0.0,0.24796747967479674,0.0,0.0,0.0,0.0,0.0,0.0,0.0,0.0,0.0,0.0,0.0,0.0,19.03684210526316,23.62948207171315,21.764166666666664,26.845019920318727,25.1828,29.533734939759036,34.85079365079365,33.1917695473251,30.883265306122446,26.309958506224067,20.310878661087866,21.657723577235775,5.327935222672065,4.263346613545816,6.89,10.98207171314741,7.672,17.29558232931727,21.13888888888889,21.009465020576133,15.22938775510204,16.253526970954358,8.943933054393305,5.661788617886178
TX,2018,1.169172932330827,0.0,26.598455598455597,0.0,0.4140625,1.0846153846153845,4.341085271317829,15.349397590361447,16.448,24.54980079681275,62.435483870967744,7.819277108433735,0.10150375939849623,0.0,0.0,0.0,0.0,0.0,0.0,0.0,0.0,0.0,0.0,0.08032128514056225,0.0,0.0,0.0,0.0,0.0,0.0,0.0,0.0,0.0,0.0,0.0,0.10040160642570281,1.5015037593984961,21.863855421686747,23.666795366795366,26.637647058823532,30.8765625,37.18884615384616,35.71046511627907,33.594779116465865,33.1496,29.382470119521912,17.75,22.716465863453813,-8.192857142857143,3.6433734939759037,8.724710424710423,10.442352941176472,17.040234375,22.248846153846152,22.953488372093023,18.7004016064257,20.9312,18.957768924302787,4.966935483870968,9.03855421686747
UT,2017,3.3513513513513513,0.36936936936936937,0.8035714285714286,24.079646017699115,0.782608695652174,5.198198198198198,0.08849557522123894,2.824561403508772,6.165217391304348,11.903508771929825,0.04201680672268908,0.49166666666666664,10.621621621621621,1.3333333333333333,1.9107142857142858,6.008849557522124,1.626086956521739,0.0,0.0,0.0,0.0,1.1491228070175439,0.0,0.24166666666666667,112.75675675675676,242.34234234234233,111.79464285714286,40.91150442477876,36.87826086956522,1.3693693693693694,0.0,0.0,0.0,1.105263157894737,1.7058823529411764,1.6916666666666667,1.6576576576576576,6.161261261261261,8.167857142857143,12.210619469026549,22.671304347826084,28.101801801801802,34.19469026548673,33.584210526315786,28.267826086956525,18.40438596491228,15.35798319327731,11.281666666666666,-9.937837837837836,-7.736936936936937,-5.9125000000000005,1.2876106194690264,4.399130434782609,11.036936936936936,14.382300884955752,15.017543859649123,12.235652173913042,4.917543859649123,-1.4058823529411766,-4.0075
UT,2018,0.0,0.0,10.379310344827585,0.0,9.076923076923077,2.4285714285714284,9.256410256410257,2.152542372881356,0.15254237288135594,5.745762711864407,4.638655462184874,21.902654867256636,1.0672268907563025,0.11016949152542373,12.698275862068966,0.0,0.8974358974358975,0.0,0.0,0.0,0.0,0.4322033898305085,1.0168067226890756,16.76991150442478,30.521008403361346,20.23728813559322,66.34482758620689,22.99137931034483,3.905982905982906,0.0,0.0,0.0,0.0,0.4322033898305085,1.4873949579831933,55.92035398230089,7.468067226890756,11.848305084745762,6.936206896551725,20.030172413793103,21.705982905982903,26.756249999999998,30.695726495726497,34.092372881355935,29.53135593220339,25.731355932203392,10.064705882352941,4.395575221238938,-7.572268907563026,-1.26864406779661,-5.150862068965517,2.6870689655172413,6.208547008547009,9.116071428571429,13.164957264957264,17.31949152542373,11.019491525423728,9.807627118644067,-4.023529411764706,-5.05575221238938
VA,2017,12.397727272727273,0.0,32.42666666666667,110.16216216216216,126.68,16.68421052631579,30.051948051948052,6.402597402597403,35.3974358974359,0.0,1.135135135135135,2.3636363636363638,16.647727272727273,0.0,2.24,0.0,0.0,0.0,0.0,0.0,0.0,0.0,0.0,3.159090909090909,18.170454545454547,0.0,3.3866666666666667,0.0,0.0,0.0,0.0,0.0,0.0,0.0,0.0,3.1704545454545454,9.134090909090908,14.008,12.661333333333333,16.589189189189188,24.652,26.97105263157895,29.993506493506494,29.44545454545455,23.743589743589745,21.035897435897436,11.013513513513514,15.45,-2.284090909090909,-2.152,-1.6119999999999999,7.354054054054055,13.078666666666667,13.498684210526317,19.31168831168831,14.571428571428571,11.301282051282051,5.1551282051282055,-0.9635135135135134,0.7897727272727273
VA,2018,0.13333333333333333,1.4444444444444444,27.25581395348837,1.7439024390243902,0.16666666666666666,74.32911392405063,5.346153846153846,167.97435897435898,174.13924050632912,1.6835443037974684,0.6282051282051282,25.057471264367816,10.6,0.24691358024691357,4.5,0.3170731707317073,0.0,0.0,0.0,0.0,0.0,0.0,0.0,11.74712643678161,12.411111111111111,0.9259259259259259,4.430232558139535,0.3048780487804878,0.0,0.0,0.0,0.0,0.0,0.0,0.0,12.551724137931034,-5.221111111111111,8.38641975308642,12.561627906976744,17.539024390243902,23.40897435897436,29.149367088607598,31.3,27.894871794871797,27.156962025316457,24.70506329113924,18.864102564102566,10.73448275862069,-14.507777777777779,-6.275308641975308,3.46046511627907,1.7365853658536585,6.5256410256410255,18.308860759493673,18.41153846153846,20.120512820512822,19.741772151898733,14.31772151898734,3.770512820512821,3.032183908045977
VT,2017,21.34375,12.1875,8.741935483870968,197.13333333333333,92.3225806451613,43.93333333333333,71.38709677419355,6.733333333333333,17.866666666666667,6.8,3.566666666666667,25.862068965517242,22.0625,19.25,8.64516129032258,164.46666666666667,0.0,0.0,0.0,0.0,0.0,0.0,0.1,3.7586206896551726,217.5,228.625,129.4516129032258,353.93333333333334,39.32258064516129,0.0,0.0,0.0,0.0,0.0,8.466666666666667,21.896551724137932,0.66875,-4.0375,-0.09677419354838715,2.3866666666666663,12.46774193548387,21.48,25.29032258064516,28.39333333333333,17.59333333333333,13.226666666666667,4.09,4.26551724137931,-12.0375,-16.55,-8.064516129032258,-2.0133333333333336,2.5290322580645164,9.053333333333335,15.841935483870968,12.053333333333335,7.573333333333333,0.4799999999999999,-4.4766666666666675,-6.544827586206897
VT,2018,1.2413793103448276,3.793103448275862,3.0,0.7241379310344828,9.137931034482758,8.172413793103448,21.428571428571427,6.448275862068965,0.4482758620689655,45.03448275862069,37.857142857142854,0.1111111111111111,2.4482758620689653,4.0344827586206895,13.586206896551724,0.0,0.0,0.0,0.0,0.0,0.0,0.0,9.785714285714286,1.7777777777777777,240.89655172413794,85.96551724137932,79.72413793103448,53.44827586206897,0.0,0.0,0.0,0.0,0.0,0.0,67.92857142857143,198.59259259259258,-17.53448275862069,-1.5310344827586206,10.437931034482759,8.641379310344828,17.606896551724137,28.28965517241379,29.914285714285715,26.83448275862069,25.872413793103448,14.06551724137931,5.45,0.3222222222222222,-28.66896551724138,-12.558620689655172,-0.8517241379310344,-2.8793103448275863,3.5172413793103448,15.748275862068965,17.264285714285712,16.02413793103448,14.137931034482758,4.703448275862069,-2.5464285714285713,-2.1370370370370373
WA,2017,46.36585365853659,2.488095238095238,49.9375,7.033898305084746,31.678571428571427,16.3265306122449,0.06,0.0,2.9555555555555557,36.92727272727273,20.36111111111111,51.116883116883116,58.91463414634146,19.154761904761905,16.6875,0.0,1.7321428571428572,0.0,0.0,0.0,0.0,2.3636363636363638,8.569444444444445,8.7012987012987,243.1341463414634,209.82142857142858,209.525,49.067796610169495,94.80357142857143,64.28571428571429,10.66,0.0,0.0,0.45454545454545453,18.666666666666668,40.54545454545455,-0.08780487804878048,1.8583333333333332,6.4875,14.45084745762712,18.426785714285717,21.6,30.19,32.898039215686275,26.439999999999998,16.576363636363638,10.823611111111111,4.4129870129870135,-6.895121951219512,-9.294047619047618,-1.6300000000000001,2.5016949152542374,4.316071428571428,11.32857142857143,12.352,12.994117647058824,12.24888888888889,5.661818181818182,1.4097222222222223,0.41298701298701296
WA,2018,0.22535211267605634,55.48809523809524,57.223684210526315,15.507936507936508,27.70967741935484,13.079365079365079,9.882352941176471,0.3620689655172414,13.912280701754385,30.428571428571427,73.2063492063492,37.31428571428572,5.309859154929577,16.416666666666668,18.157894736842106,1.9365079365079365,0.0,0.0,0.0,0.0,0.0,0.0,2.873015873015873,6.142857142857143,134.85915492957747,134.21428571428572,172.1578947368421,94.33333333333333,77.83870967741936,42.73015873015873,0.0,0.0,0.0,0.0,8.079365079365079,22.542857142857144,0.6464788732394366,5.383333333333333,5.967105263157895,12.03968253968254,18.966129032258067,18.738095238095237,26.49019607843137,31.95344827586207,20.157894736842106,17.455357142857142,10.855555555555556,5.667142857142857,-5.471830985915493,-0.4773809523809524,-1.1855263157894735,0.5873015873015873,6.970967741935484,7.223809523809524,11.660784313725491,14.944827586206898,6.459649122807018,8.305357142857144,2.5476190476190474,0.37
WI,2017,0.41509433962264153,6.425,32.96341463414634,2.4662576687116564,97.7125,1.037037037037037,21.747663551401867,8.320754716981131,0.5727272727272728,3.251497005988024,7.265060240963855,0.0,2.4339622641509435,9.5625,9.292682926829269,0.0,0.55625,0.0,0.0,0.0,0.0,0.0,4.765060240963855,0.0,90.1006289308176,130.1875,51.26829268292683,0.0,0.0,0.0,0.0,0.0,0.0,0.0,10.072289156626505,0.0,-0.9773584905660377,0.8331250000000001,2.309756097560976,11.38159509202454,11.98375,22.355555555555558,25.876635514018695,29.145283018867925,19.777272727272727,19.1874251497006,1.353012048192771,8.833333333333334,-8.843396226415093,-8.1975,-7.699999999999999,-2.051533742331288,2.6931249999999998,5.055555555555555,13.318691588785045,16.37264150943396,7.112727272727272,5.821556886227545,-5.204819277108434,-5.037575757575758
WI,2018,0.06790123456790123,1.5393939393939393,1.1454545454545455,22.335329341317365,50.325301204819276,5.335329341317365,40.67065868263473,17.951807228915662,32.84756097560975,126.31515151515151,0.7278481012658228,12.44375,0.19135802469135801,2.9212121212121214,1.187878787878788,12.844311377245509,0.0,0.0,0.0,0.0,0.0,0.0,1.0443037974683544,4.05625,89.74691358024691,82.44848484848485,101.5030303030303,78.95209580838323,0.0,0.0,0.0,0.0,0.0,0.0,5.639240506329114,17.1,-16.33641975308642,1.12,6.624848484848484,2.99940119760479,24.689156626506023,27.112574850299403,30.62934131736527,27.539156626506024,27.74634146341463,11.018181818181818,6.589240506329113,0.7737499999999999,-25.503703703703707,-16.887878787878787,-2.8424242424242423,-10.95568862275449,9.372289156626506,13.446107784431138,18.730538922155688,14.240361445783133,16.200000000000003,6.3090909090909095,-3.15253164556962,-3.19375
WV,2017,28.816901408450704,4.652777777777778,99.92957746478874,135.29577464788733,84.18055555555556,34.77777777777778,53.27142857142857,0.5774647887323944,17.887323943661972,0.07042253521126761,1.6571428571428573,20.17142857142857,2.5211267605633805,2.3055555555555554,2.0422535211267605,0.0,0.0,0.0,0.0,0.0,0.0,0.0,0.07142857142857142,0.0,11.859154929577464,15.208333333333334,6.450704225352113,0.0,0.0,0.0,0.0,0.0,0.0,0.0,0.0,0.0,7.116901408450705,8.399999999999999,10.409859154929578,14.971830985915492,24.46527777777778,24.79861111111111,28.41,28.46056338028169,22.72112676056338,19.2943661971831,9.37,15.935714285714285,-4.123943661971831,-1.2430555555555556,-3.7422535211267602,6.00281690140845,11.415277777777778,11.569444444444445,17.174285714285716,14.059154929577465,10.228169014084507,3.0859154929577466,-1.9785714285714286,-0.20857142857142857
WV,2018,2.0714285714285716,12.382352941176471,24.176470588235293,19.7,5.458333333333333,92.11428571428571,11.915492957746478,150.25,110.77142857142857,4.753623188405797,10.757142857142858,32.43478260869565,4.814285714285714,3.4411764705882355,0.04411764705882353,0.18571428571428572,0.0,0.0,0.0,0.0,0.0,0.0,0.0,0.0,53.0,6.705882352941177,1.8676470588235294,0.0,0.0,0.0,0.0,0.0,0.0,0.0,1.0857142857142856,0.36231884057971014,-9.082857142857142,8.761764705882353,12.236764705882353,15.51,22.897222222222222,28.05142857142857,31.770422535211264,26.82361111111111,27.46142857142857,26.013043478260872,16.565714285714286,8.989855072463767,-19.047142857142855,-8.648529411764706,1.0970588235294116,-0.45714285714285724,4.680555555555555,17.542857142857144,17.89718309859155,17.844444444444445,18.344285714285714,11.794202898550724,4.185714285714286,2.449275362318841
WY,2017,1.35,23.28,0.8910891089108911,44.71,5.02,3.2452830188679247,4.0095238095238095,5.447619047619048,4.864077669902913,25.861386138613863,9.901960784313726,2.287128712871287,5.39,51.25,2.2475247524752477,16.72,0.13,0.0,0.0,0.0,0.0,1.7425742574257426,7.019607843137255,2.594059405940594,191.53,307.59,237.17821782178217,82.54,24.38,0.0,0.0,0.0,0.0,0.504950495049505,16.186274509803923,18.336633663366335,-1.485,-0.183,5.130693069306931,7.943,17.660999999999998,26.20754716981132,29.187619047619044,31.085714285714285,27.707766990291262,16.062376237623763,8.969607843137254,6.977227722772278,-16.844,-10.738,-9.33069306930693,-1.729,1.3530000000000002,6.764150943396227,9.57047619047619,10.60952380952381,9.624271844660194,2.7653465346534656,-6.034313725490196,-6.905940594059406
WY,2018,0.43,8.287128712871286,6.871287128712871,14.891089108910892,21.65,14.073394495412844,15.788990825688073,1.4433962264150944,0.056074766355140186,5.055045871559633,3.5544554455445545,15.63,1.78,10.752475247524753,6.524752475247524,17.237623762376238,2.24,0.0,0.0,0.0,0.0,0.0,7.158415841584159,21.46,129.08,128.02970297029702,182.1089108910891,103.65346534653466,11.93,0.0,0.0,0.0,0.0,0.0,13.554455445544555,96.0,-7.365,0.6495049504950494,3.4277227722772277,5.7089108910891095,16.387999999999998,24.204587155963303,26.177981651376147,29.652830188679243,26.97943925233645,16.692660550458715,6.988118811881188,0.831,-20.173,-9.827722772277228,-12.001980198019803,-7.581188118811881,3.029,8.458715596330276,8.577064220183486,10.45377358490566,6.265420560747663,1.0660550458715596,-7.342574257425743,-7.472
